건물명,주소,x,y
금동사랑방,서울특별시 관악구 봉천동 1660-12,126.961338490478,37.4774285325877
STAY온Ⅱ,서울특별시 관악구 신림동 507-22,126.919433842003,37.4830389665143
신림동 공동주택,서울특별시 관악구 신림동 507-20 외1필지,126.919807923025,37.483189509218
이레타워,서울특별시 관악구 봉천동 912-9,126.945392656529,37.4825849309845
라메르,서울특별시 관악구 봉천동 30-2,126.955968734742,37.4840943904555
명문타워,서울특별시 관악구 봉천동 895-2,126.947207204864,37.4808250042564
다솜시티빌,서울특별시 관악구 신림동 1418-28 외1필지,126.931774436044,37.4868993581714
더위일관악파크뷰,서울특별시 관악구 신림동 1568-5 외1필지,126.914984947546,37.4805895205215
더 마인드,서울특별시 관악구 신림동 1655-14,126.902356222456,37.4829353557094
신림동 업무시설,서울특별시 관악구 신림동 1420-6,126.931966592213,37.4858461905759
Triple.s,서울특별시 관악구 봉천동 1563-28 외2필지,126.944257845231,37.4798378556585
DH Hestia,서울특별시 관악구 봉천동 62-13,126.955228934797,37.4831662538249
봉천동 복합건축물,서울특별시 관악구 봉천동 898-3 외1필지,126.947254577944,37.4795373032712
에스타워,서울특별시 관악구 봉천동 1658-16 외1필지,126.964181676861,37.4763462349231
위드비엠3,서울특별시 관악구 신림동 538-39 외1필지,126.913448218108,37.4821694948811
케렌시아빌딩,서울특별시 관악구 봉천동 31-2,126.955325587185,37.4833855959056
CS빌딩,서울특별시 관악구 봉천동 854-5,126.953351598244,37.4799216252976
신림동 업무시설,서울특별시 관악구 신림동 1426-9,126.929912944752,37.4874074281364
캐슬오피스텔,서울특별시 관악구 봉천동 61-1 외5필지,126.954418429522,37.4827080513189
더나인,서울특별시 관악구 신림동 1426-8,126.92986037282,37.4872801746246
태양 오피스텔,서울특별시 관악구 신림동 1437-19,126.926548951985,37.4865131165027
SJ프리미어오피스텔,서울특별시 관악구 봉천동 1599-5,126.953617151526,37.4799590316191
DH TOWER,서울특별시 관악구 신림동 1423-13 외4필지,126.930489652962,37.486135185181
SIWOOTREE,서울특별시 관악구 봉천동 27-2 외1필지,126.956001336732,37.4842205437878
봉천동 업무시설 (주식회사무궁화신탁),서울특별시 관악구 봉천동 1666-51 외3필지,126.955188188139,37.4807780244259
아데나38,서울특별시 관악구 신림동 1432-38 외2필지,126.928240413063,37.4864525270107
예온펠리스,서울특별시 관악구 신림동 1639-50 외1필지,126.927655409272,37.4835043416064
YK서울대,서울특별시 관악구 봉천동 912-16,126.94529209488,37.4823410715101
우정오피스텔,서울특별시 관악구 신림동 1425-1 외1필지,126.929403797912,37.4876369721061
신림동 공동주택 대동빌딩,서울특별시 관악구 신림동 1666-56,126.900516159084,37.4811062150182
몽삐에뜨골드,서울특별시 관악구 신림동 1474-15,126.913558071442,37.4813240687873
한나래19차,서울특별시 관악구 신림동 706-91 외1필지,126.919289412028,37.4718347266827
U2,서울특별시 관악구 신림동 1419-12,126.931036749122,37.486305255708
샤르망파크,서울특별시 관악구 봉천동 42-21 외1필지,126.954943436876,37.4850669127885
신림동 업무시설,서울특별시 관악구 신림동 529-15,126.914636168941,37.4834606032957
자이오피스텔,서울특별시 관악구 신림동 1412-3,126.932819468816,37.4849592756387
봉천동 업무시설,서울특별시 관악구 봉천동 40-28 외1필지,126.955815931894,37.4859092345284
윤성타워,서울특별시 관악구 신림동 1423-10 외1필지,126.93023766185,37.4860932298828
리츠오피스텔,서울특별시 관악구 봉천동 875-3,126.950082098581,37.4810158261086
JK타워 오피스텔,서울특별시 관악구 봉천동 868-3,126.951492484491,37.4803935460397
신림동 업무시설,서울특별시 관악구 신림동 1413-23,126.932444100847,37.4856968972245
WD세븐스,서울특별시 관악구 봉천동 858-6 외1필지,126.95353482141,37.4814566564271
현준,서울특별시 관악구 봉천동 1685-5,126.961957075817,37.4784288538592
YK타워,서울특별시 관악구 봉천동 912-14,126.945161024233,37.4825377009476
트라움,서울특별시 관악구 봉천동 914-4,126.9458272336,37.4809155617119
스마일타운,서울특별시 관악구 봉천동 882-3,126.948512916713,37.4806984480867
그랜드오피스텔,서울특별시 관악구 봉천동 864-3,126.951627566525,37.4792041792667
모짜르트,서울특별시 관악구 봉천동 42-52 외1필지,126.955046746937,37.4856885577595
더케이타워,서울특별시 관악구 신림동 1639-13,126.92791087056,37.4833366398723
에르스떼,서울특별시 관악구 신림동 1416-28,126.93085791471,37.4877333388701
덕산타워,서울특별시 관악구 봉천동 866-2,126.95146842162,37.4800146618454
한나래15차,서울특별시 관악구 신림동 613-2 외2필지,126.919167089707,37.4735192615922
정원파크빌,서울특별시 관악구 봉천동 466-18,126.949040492631,37.4864726098477
신대방 노블루체,서울특별시 관악구 신림동 530-1 외1필지,126.913873526885,37.4835773611171
에스타워,서울특별시 관악구 봉천동 1658-16 외1필지,126.964181676861,37.4763462349231
관전 G타워,서울특별시 관악구 봉천동 867-14,126.950501748611,37.4800365157582
수아주 서울대,서울특별시 관악구 봉천동 1599-3,126.953517846534,37.4794741595709
태양,서울특별시 관악구 봉천동 921-25 외1필지,126.943702051554,37.481337591893
봉천동 주거복합시설,서울특별시 관악구 봉천동 1565-13,126.947027185831,37.4794209713607
현대M타운,서울특별시 관악구 봉천동 899-4 외2필지,126.946662363198,37.4859176203757
리치타워,서울특별시 관악구 봉천동 1598-7 외2필지,126.95343949655,37.4789280270291
더품,서울특별시 관악구 봉천동 896-20 외1필지,126.94707621073,37.4802828085395
J-NEXT,서울특별시 관악구 봉천동 863-5,126.951643783816,37.4794775520963
봉천동 오피스텔,서울특별시 관악구 봉천동 851-10,126.954136631953,37.4824088073745
봉천동 오피스텔,서울특별시 관악구 봉천동 877-23,126.949353695047,37.4801064881391
하임S,서울특별시 관악구 봉천동 883-4,126.948842258592,37.4813667793665
미림빌딩,서울특별시 관악구 봉천동 911-28,126.945618024206,37.4831642032823
메이플하우스,서울특별시 관악구 봉천동 876-3,126.950298487084,37.4805191910817
봉천동 업무시설,서울특별시 관악구 봉천동 854-4,126.95342398924,37.4800505882593
신림동 공동주택,서울특별시 관악구 신림동 1667-10,126.900744036731,37.4796081191775
봉천동 공동주택,서울특별시 관악구 봉천동 895-14,126.946432382808,37.480848892655
봉천동 오피스텔,서울특별시 관악구 봉천동 1667-18 외1필지,,
신림동 업무시설,서울특별시 관악구 신림동 1475-20,126.914404308969,37.4797621553469
그레이빌,서울특별시 관악구 봉천동 895-9 외1필지,126.946765411444,37.4809169792462
덕산스테이트,서울특별시 관악구 봉천동 866-6,126.951348607845,37.4794463461071
KS타워,서울특별시 관악구 봉천동 912-1 외1필지,126.946196852972,37.4824596092179
라온2,서울특별시 관악구 봉천동 868-25 외1필지,126.951166939482,37.4806365942749
라온3,서울특별시 관악구 봉천동 895-1,126.947450835199,37.4810085582838
해담채 봉천,서울특별시 관악구 봉천동 41-193,126.954504549321,37.4861214648643
CJ오피스텔,서울특별시 관악구 봉천동 881-26 외1필지,126.947695205586,37.479807711789
유송신림,서울특별시 관악구 신림동 1429-19 외1필지,126.927910079235,37.4886316836859
경원하이츠텔,서울특별시 관악구 신림동 1421-39,126.931011768357,37.4854363989987
미륵빌딩,서울특별시 관악구 봉천동 1565-16,126.947204148266,37.4793843794927
그랜드타워,서울특별시 관악구 신림동 1425-7,126.92967594474,37.4869292125081
덕산에코빌,서울특별시 관악구 봉천동 1687-7 외1필지,126.964124587604,37.4775224856441
봉천동 업무시설,서울특별시 관악구 봉천동 43-6 외2필지,126.954493143796,37.4846064150334
서울대입구 한양아이클래스,서울특별시 관악구 봉천동 1568-1 외1필지,126.950336729758,37.4791097585906
선인타운,서울특별시 관악구 신림동 1639-6 외2필지,126.927329401525,37.4835478404497
신림동 공동주택,서울특별시 관악구 신림동 1413-33,126.933005389394,37.4858024545808
씨앤에이레지던스,서울특별시 관악구 신림동 1433-19 외1필지,126.928620475546,37.4848686948366
에스디플러스아크로빌,서울특별시 관악구 신림동 725-7 외1필지,126.917798091703,37.4733853280802
리버파크,서울특별시 관악구 신림동 1433-136 외2필지,126.926509590761,37.4845642114128
다원아트빌,서울특별시 관악구 신림동 704-20,126.919555911966,37.4708407336754
효산 센터뷰,서울특별시 관악구 신림동 529-11 외1필지,126.91448360192,37.4832997530684
남현동 602-57 공동주택,서울특별시 관악구 남현동 602-57,126.980362008425,37.4740023605286
노들리안3,서울특별시 관악구 봉천동 1667-13 외2필지,126.954615901136,37.4822305927081
라비앙DS,서울특별시 관악구 신림동 538-6,126.913663819578,37.4819808913208
신림동 00빌딩 신축공사,서울특별시 관악구 신림동 529-9,126.914576736651,37.4828298544326
봉천동 882-4 업무시설,서울특별시 관악구 봉천동 882-4,126.948605040583,37.4808933764346
관악캠퍼스타워,서울특별시 관악구 봉천동 875-1,126.95033292025,37.4812783056077
남현동 1062-22 공동주택,서울특별시 관악구 남현동 1062-22,126.979893357784,37.4754795776631
가윤,서울특별시 관악구 신림동 1461-7,126.926148057763,37.4857737696886
J2 tower,서울특별시 관악구 신림동 1430-23 외1필지,,
리치캐슬,서울특별시 관악구 봉천동 1660-9,126.961718772667,37.4772790888224
센텀타워,서울특별시 관악구 남현동 1062-5,126.979698956957,37.4752956483076
봉천동 업무시설,서울특별시 관악구 봉천동 884-13,126.948662830905,37.4821916652147
봉천동 876-15 업무시설,서울특별시 관악구 봉천동 876-15,126.949099766492,37.4806015735875
오피스텔더스위트,서울특별시 관악구 봉천동 1690-153,126.966241190857,37.4763241358458
Q타워,서울특별시 관악구 봉천동 861-6,126.952161678974,37.4816474827251
관악태우미소가,서울특별시 관악구 봉천동 30-8 외2필지,126.955961786126,37.4839896906785
신림큐브,서울특별시 관악구 신림동 1421-1 외4필지,126.932054229593,37.4855860298558
신림동 SK-HUB GREEN,서울특별시 관악구 신림동 1421-29,126.929962316318,37.4851493510456
PRAVIDA 162,서울특별시 관악구 봉천동 1568-2 외2필지,126.950509096245,37.4790098188885
신림동 업무시설,서울특별시 관악구 신림동 1433-78,126.927720272884,37.4844801733865
신림동 공동주택,서울특별시 관악구 신림동 94-36,126.937697012038,37.4769865780312
삼일빌딩,서울특별시 관악구 봉천동 1567-8,126.950063894688,37.4791485671959
리츠 오피스텔 & 도시형생활주택,서울특별시 관악구 신림동 1463-35 외1필지,126.926094306256,37.4853594525364
프라임,서울특별시 관악구 봉천동 702-97,126.926406793802,37.4912694473164
신림동 704-44 도시형생활주택,서울특별시 관악구 신림동 704-44,126.91940989404,37.4711221098057
U2,서울특별시 관악구 신림동 1419-12,126.931036749122,37.486305255708
엘디타운,서울특별시 관악구 봉천동 883-9,126.947893539196,37.4812330154674
센텀아파트,서울특별시 관악구 남현동 1062-22 외1필지,126.979893357784,37.4754795776631
영우오피스테,서울특별시 관악구 신림동 1462-20 외1필지,126.924726054301,37.4859446945092
프리마오피스텔,서울특별시 관악구 봉천동 702-49,126.927076524922,37.4905927556051
, 서울특별시 관악구 봉천동 1688-41  102호,126.964729301415,37.4780489473381
, 서울특별시 관악구 봉천동 1688-41  103호,126.964729301415,37.4780489473381
, 서울특별시 관악구 봉천동 1688-41  104호,126.964729301415,37.4780489473381
, 서울특별시 관악구 봉천동 1688-41  105호,126.964729301415,37.4780489473381
, 서울특별시 관악구 봉천동 1688-41  106호,126.964729301415,37.4780489473381
, 서울특별시 관악구 봉천동 1688-41  202호,126.964729301415,37.4780489473381
, 서울특별시 관악구 봉천동 1688-41  203호,126.964729301415,37.4780489473381
, 서울특별시 관악구 봉천동 1688-41  204호,126.964729301415,37.4780489473381
, 서울특별시 관악구 봉천동 1688-41  205호,126.964729301415,37.4780489473381
, 서울특별시 관악구 봉천동 1688-41  206호,126.964729301415,37.4780489473381
, 서울특별시 관악구 봉천동 1688-41  302호,126.964729301415,37.4780489473381
, 서울특별시 관악구 봉천동 1688-41  303호,126.964729301415,37.4780489473381
, 서울특별시 관악구 봉천동 1688-41  304호,126.964729301415,37.4780489473381
, 서울특별시 관악구 봉천동 1688-41  305호,126.964729301415,37.4780489473381
, 서울특별시 관악구 봉천동 1688-41  306호,126.964729301415,37.4780489473381
, 서울특별시 관악구 봉천동 1688-41  401호,126.964729301415,37.4780489473381
, 서울특별시 관악구 봉천동 1688-41  402호,126.964729301415,37.4780489473381
, 서울특별시 관악구 봉천동 1688-41  403호,126.964729301415,37.4780489473381
, 서울특별시 관악구 봉천동 1688-41  404호,126.964729301415,37.4780489473381
, 서울특별시 관악구 봉천동 1688-41	101호,126.964729301415,37.4780489473381
, 서울특별시 관악구 봉천동 1688-41	301호,126.964729301415,37.4780489473381
, 서울특별시 관악구 봉천동 196-132  인헌빌 201호,126.962879289607,37.4745289466174
, 서울특별시 관악구 봉천동 196-132  인헌빌 202호,126.962879289607,37.4745289466174
, 서울특별시 관악구 봉천동 196-132  인헌빌 203호,126.962879289607,37.4745289466174
, 서울특별시 관악구 봉천동 196-132  인헌빌 301호,126.962879289607,37.4745289466174
, 서울특별시 관악구 봉천동 196-132  인헌빌 302호,126.962879289607,37.4745289466174
, 서울특별시 관악구 봉천동 196-132  인헌빌 303호,126.962879289607,37.4745289466174
, 서울특별시 관악구 봉천동 196-132  인헌빌 501호,126.962879289607,37.4745289466174
, 서울특별시 관악구 신림동 103-175	101호,126.942036493814,37.4726185282807
, 서울특별시 관악구 신림동 103-175	102호,126.942036493814,37.4726185282807
, 서울특별시 관악구 신림동 103-175	103호,126.942036493814,37.4726185282807
, 서울특별시 관악구 신림동 103-175	104호,126.942036493814,37.4726185282807
, 서울특별시 관악구 신림동 103-175	105호,126.942036493814,37.4726185282807
, 서울특별시 관악구 신림동 103-175	106호,126.942036493814,37.4726185282807
, 서울특별시 관악구 신림동 103-175	201호,126.942036493814,37.4726185282807
, 서울특별시 관악구 신림동 103-175	202호,126.942036493814,37.4726185282807
, 서울특별시 관악구 신림동 103-175	203호,126.942036493814,37.4726185282807
, 서울특별시 관악구 신림동 103-175	204호,126.942036493814,37.4726185282807
, 서울특별시 관악구 신림동 103-175	205호,126.942036493814,37.4726185282807
, 서울특별시 관악구 신림동 103-175	206호,126.942036493814,37.4726185282807
, 서울특별시 관악구 신림동 103-175	207호,126.942036493814,37.4726185282807
, 서울특별시 관악구 신림동 103-175	301호,126.942036493814,37.4726185282807
, 서울특별시 관악구 신림동 103-175	302호,126.942036493814,37.4726185282807
, 서울특별시 관악구 신림동 103-175	303호,126.942036493814,37.4726185282807
, 서울특별시 관악구 신림동 103-175	304호,126.942036493814,37.4726185282807
, 서울특별시 관악구 신림동 103-175	305호,126.942036493814,37.4726185282807
, 서울특별시 관악구 신림동 103-175	306호,126.942036493814,37.4726185282807
, 서울특별시 관악구 신림동 103-175	307호,126.942036493814,37.4726185282807
, 서울특별시 관악구 신림동 103-175	401호,126.942036493814,37.4726185282807
, 서울특별시 관악구 신림동 103-175	402호,126.942036493814,37.4726185282807
, 서울특별시 관악구 신림동 103-175	403호,126.942036493814,37.4726185282807
, 서울특별시 관악구 신림동 1503-2  101호,126.936946357137,37.4832751327008
, 서울특별시 관악구 신림동 1503-2  201호,126.936946357137,37.4832751327008
, 서울특별시 관악구 신림동 1503-2  202호,126.936946357137,37.4832751327008
, 서울특별시 관악구 신림동 1503-2  301호,126.936946357137,37.4832751327008
, 서울특별시 관악구 신림동 1503-2  302호,126.936946357137,37.4832751327008
, 서울특별시 관악구 신림동 1508-1  102호,126.936793132698,37.4830330399315
,서울특별시 관악구 관악로 102 (봉천동),126.953299747175,37.4742201064644
,서울특별시 관악구 관악로 103-3 (봉천동),126.952643758803,37.4743276962744
,"서울특별시 관악구 관악로 103-6 (봉천동, 한성빌라)",126.952420847043,37.4746454830347
,"서울특별시 관악구 관악로 110 (봉천동, 아가토스9)",126.953180216278,37.4750031268912
,"서울특별시 관악구 관악로 115 (봉천동, 캠브리지하우스)",126.952426708527,37.4753860254022
,"서울특별시 관악구 관악로 125 (봉천동, 서울대입구삼성아파트)",126.952079961311,37.4764721426091
,"서울특별시 관악구 관악로 133 (봉천동, 건영아파트(6차))",126.952062711984,37.4769280464726
,"서울특별시 관악구 관악로 164 (봉천동, 대우디오슈페리움1단지)",126.952875619698,37.4797395226756
,"서울특별시 관악구 관악로 168 (봉천동, 대우디오슈페리움2단지)",126.952984762396,37.4802159296703
,서울특별시 관악구 관악로 186 (봉천동),126.953377373952,37.481562282745
,"서울특별시 관악구 관악로 186 (봉천동, WD세븐스)",126.953377373952,37.481562282745
,서울특별시 관악구 관악로 208-16 (봉천동),126.954517032762,37.482688537429
,"서울특별시 관악구 관악로 208-18 (봉천동, 허브하우스)",126.95459024493,37.4825892744302
,서울특별시 관악구 관악로 219 (봉천동),126.954848533765,37.4845694298356
,서울특별시 관악구 관악로 260 (봉천동),126.957975264525,37.487204410587
,"서울특별시 관악구 관악로 263 (봉천동, 브라운스톤관악아파트)",126.957246980031,37.4881939065152
,"서울특별시 관악구 관악로 284 (봉천동, 신원빌라)",126.957565600881,37.4896205869659
,"서울특별시 관악구 관악로 285 (봉천동, 성현동아아파트)",126.955131608572,37.4893683065275
,"서울특별시 관악구 관악로 304 (봉천동, 현대아파트)",126.957711000956,37.4920505661271
,서울특별시 관악구 관악로10길 26 (봉천동),126.954001356382,37.4767760959611
,"서울특별시 관악구 관악로10길 29 (봉천동, 금강빌라)",126.95434507298,37.4769116510106
,서울특별시 관악구 관악로10길 31-15 (봉천동),126.954719503249,37.4774858282698
,"서울특별시 관악구 관악로10길 31-15 (봉천동, 봉천동 다중주택)",126.954719503249,37.4774858282698
,서울특별시 관악구 관악로10길 33 (봉천동),126.954609751125,37.4768838216857
,"서울특별시 관악구 관악로10길 46 (봉천동, 훈스튜디오)",126.955056772088,37.4765022347881
,서울특별시 관악구 관악로11길 21-1 (봉천동),126.950928651401,37.4776311792651
,"서울특별시 관악구 관악로11길 57 (봉천동, 동명빌라)",126.948936297353,37.4782517612184
,"서울특별시 관악구 관악로12길 32-4 (봉천동, 샤인빌)",126.954046632344,37.4777955157522
,서울특별시 관악구 관악로12길 32-8 (봉천동),126.954007017567,37.4776846761759
,서울특별시 관악구 관악로12길 58-2 (봉천동),126.955443453063,37.4775847640244
,서울특별시 관악구 관악로13길 16 (봉천동),126.951333683292,37.4794476013737
,"서울특별시 관악구 관악로13길 16 (봉천동, 덕산스테이트)",126.951333683292,37.4794476013737
,서울특별시 관악구 관악로13길 25 (봉천동),126.950692441455,37.4792348775474
,"서울특별시 관악구 관악로13길 25 (봉천동, 세종오피스텔)",126.950692441455,37.4792348775474
,서울특별시 관악구 관악로13길 38 (봉천동),126.950150214543,37.4795741502871
,서울특별시 관악구 관악로13길 40 (봉천동),126.950030252149,37.4795846414211
,서울특별시 관악구 관악로13길 41 (봉천동),126.949837953326,37.4793941767004
,서울특별시 관악구 관악로13길 42 (봉천동),126.949885417683,37.4795937703728
,서울특별시 관악구 관악로14가길 24 (봉천동),126.955699758932,37.4773791599297
,서울특별시 관악구 관악로14가길 58-4 (봉천동),126.95499829765,37.4759789962076
,서울특별시 관악구 관악로14가길 74 (봉천동),126.954804401959,37.4752431576147
,서울특별시 관악구 관악로14가길 9 (봉천동),126.95617018059,37.4779639103107
,서울특별시 관악구 관악로14길 98 (봉천동),126.957796813044,37.4778037624222
,서울특별시 관악구 관악로14나길 7-8 (봉천동),126.957705305495,37.4774826099237
,"서울특별시 관악구 관악로15길 22 (봉천동, 라온 오피스텔도시형생활주택)",126.951220765229,37.4804488462301
,서울특별시 관악구 관악로15길 23-11 (봉천동),126.951181288015,37.479783254518
,서울특별시 관악구 관악로15길 23-12 (봉천동),126.95073651379,37.4797826194064
,서울특별시 관악구 관악로15길 23-16 (봉천동),126.950712442589,37.4795946588603
,서울특별시 관악구 관악로15길 23-6 (봉천동),126.950741319001,37.4800406704189
,"서울특별시 관악구 관악로15길 47-14 (봉천동, 건영빌라)",126.949726508835,37.4800225832081
,"서울특별시 관악구 관악로15길 47-16 (봉천동, 건영빌라)",126.949698428417,37.4799160719815
,서울특별시 관악구 관악로15길 47-17 (봉천동),126.949933883111,37.4798184124974
,"서울특별시 관악구 관악로15길 47-20 (봉천동, 주하우스)",126.949687886141,37.4797888450059
,서울특별시 관악구 관악로16길 29 (봉천동),126.954380665977,37.4801050220498
,서울특별시 관악구 관악로16길 32-5 (봉천동),126.954434584953,37.4797498650604
,"서울특별시 관악구 관악로16길 35 (봉천동, 푸르빌아파트)",126.954691429638,37.4799794508567
,서울특별시 관악구 관악로17길 29 (봉천동),126.950021804921,37.480724594524
,서울특별시 관악구 관악로17길 40 (봉천동),126.949481682341,37.4811084649378
,서울특별시 관악구 관악로17길 8 (봉천동),126.951311358341,37.4809223638223
,서울특별시 관악구 관악로17길 9 (봉천동),126.951245075921,37.4806186063628
,서울특별시 관악구 관악로25길 17 (봉천동),126.954263142344,37.4850173662412
,서울특별시 관악구 관악로28길 70 (봉천동),126.959333163233,37.4842154305105
,서울특별시 관악구 관악로28길 8-1 (봉천동),126.956586370595,37.4851434829066
,"서울특별시 관악구 관악로30길 12 (봉천동, 봉천 우성아파트)",126.960607343765,37.4841357625537
,"서울특별시 관악구 관악로30길 12 (봉천동, 봉천우성아파트)",126.960607343765,37.4841357625537
,"서울특별시 관악구 관악로30길 27 (봉천동, 관악푸르지오아파트)",126.960643252066,37.4889663493891
,서울특별시 관악구 관악로30길 27 관악푸르지오아파트  107동 401호,126.960643252066,37.4889663493891
,"서울특별시 관악구 관악로40길 60 (봉천동, 현대아파트)",126.960789557057,37.4933145697694
,"서울특별시 관악구 관악로6길 21 (봉천동, 하이캐슬아파트)",126.953497172574,37.4750698366859
,서울특별시 관악구 관악로6길 27 (봉천동),126.953494304846,37.4753191449801
,서울특별시 관악구 관악로6길 32 (봉천동),126.953794354922,37.4754882020331
,"서울특별시 관악구 관악로6길 33 (봉천동, 닷컴산내빌)",126.953403949029,37.4755446321369
,서울특별시 관악구 관악로6길 45 (봉천동),126.953158643864,37.4760571195914
,"서울특별시 관악구 관악로6길 54 (봉천동, 골드하임 아파트)",126.953582794587,37.476464903753
,"서울특별시 관악구 관악로6길 59 (봉천동, 우영 ARTEVILL NAKSUNG)",126.953192694117,37.4767482975912
,"서울특별시 관악구 관악로6길 60 (봉천동, 골드하임2차)",126.953477709408,37.4767406614711
,서울특별시 관악구 관악로6길 69 (봉천동),126.953307624532,37.4771857832096
,"서울특별시 관악구 관악로6길 99 (봉천동, 뉴그린아파트)",126.953164651466,37.478568055291
,서울특별시 관악구 관악로8길 7 (봉천동),126.953214952939,37.4758622534974
,서울특별시 관악구 관천로 101 (신림동),126.9221242968,37.4874122818987
,"서울특별시 관악구 관천로 112 (신림동, 양씨아파트)",126.922320008422,37.4885174066425
,"서울특별시 관악구 관천로 38 (신림동, 푸리마타운)",126.927477487881,37.4833434025177
,"서울특별시 관악구 관천로 44 (신림동, 선인타운)",126.927278866831,37.4835424033059
,서울특별시 관악구 관천로 56-6 (신림동),126.926363450085,37.4846243077748
,서울특별시 관악구 관천로 70-16 (신림동),126.925920583236,37.4851823857329
,서울특별시 관악구 관천로 82 (신림동),126.924464583058,37.4862260025468
,서울특별시 관악구 관천로 82-1 (신림동),126.924294667775,37.4863111291514
,서울특별시 관악구 관천로10길 15 (신림동),126.926254909184,37.4851965605094
,서울특별시 관악구 관천로10길 33-3 (신림동),126.927196290124,37.4854473543129
,서울특별시 관악구 관천로10길 38 (신림동),126.927456820183,37.4851905470321
,서울특별시 관악구 관천로11길 50 (신림동),126.922263857189,37.4839992650454
,"서울특별시 관악구 관천로12길 28-6 (신림동, 가윤)",126.926145456843,37.4857741284661
,서울특별시 관악구 관천로12길 35 (신림동),126.926613337193,37.4863476413418
,"서울특별시 관악구 관천로15길 114-2 (신림동, 명일파크빌)",126.91631876956,37.485918315789
,서울특별시 관악구 관천로15길 122-2 (신림동),126.915859357517,37.4859319551306
,서울특별시 관악구 관천로15길 64 (신림동),126.918995984931,37.4863532061079
,서울특별시 관악구 관천로16길 31 4층 (신림동),126.925067546673,37.4875037454466
,서울특별시 관악구 관천로16길 5-6 (신림동),126.923768838977,37.4873698357665
,서울특별시 관악구 관천로16길 58 (신림동),126.926578771697,37.4875841631429
,서울특별시 관악구 관천로16길 64 (신림동),126.926976230416,37.48756918244
,"서울특별시 관악구 관천로18길 20 (신림동, 보라매스위트)",126.924070304282,37.487574288371
,서울특별시 관악구 관천로18길 35 (신림동),126.92499294746,37.4879286133891
,서울특별시 관악구 관천로18길 38 (신림동),126.925144837969,37.487779592934
,서울특별시 관악구 관천로19길 65 (신림동),126.918372495412,37.4870015026926
,"서울특별시 관악구 관천로20길 36 (신림동, 포스트빌)",126.924719350675,37.4881181015065
,서울특별시 관악구 관천로20길 5 (신림동),126.923012593403,37.4880598777684
,서울특별시 관악구 관천로23길 8-4 (신림동),126.920607891802,37.4887085435583
,"서울특별시 관악구 관천로26길 21 (신림동, 신림동서희빌)",126.922154040496,37.4894766902851
,서울특별시 관악구 관천로26길 96 (신림동),126.926324163977,37.4890524670213
,"서울특별시 관악구 구암5가길 49 (봉천동, 봉천벽산타운2차아파트)",126.946162048315,37.4925170944347
,서울특별시 관악구 구암길 87-4 (봉천동),,
,"서울특별시 관악구 국회단지12길 22 (봉천동, 해오름)",126.943021880314,37.4886241705164
,"서울특별시 관악구 국회단지17길 9 (봉천동, 새롬주택)",126.941497532172,37.4895176756485
,"서울특별시 관악구 국회단지18길 17 (봉천동, 삼성빌라)",126.943217633733,37.4896368171823
,"서울특별시 관악구 국회단지18길 23 (봉천동, 새움빌)",126.943522636481,37.4895807405047
,"서울특별시 관악구 국회단지19길 17 (봉천동, 국회빌라)",126.941097508613,37.4899095052837
,"서울특별시 관악구 국회단지19길 20 (봉천동, 드림하우스)",126.941011761479,37.4901000255944
,"서울특별시 관악구 국회단지19길 7 지층, 1층, 2층",126.941630404331,37.4897948913024
,서울특별시 관악구 국회단지23길 14 (봉천동),126.941519309702,37.4905915972977
,"서울특별시 관악구 국회단지23길 19 (봉천동, 부성빌라)",126.941008522026,37.490480879841
,서울특별시 관악구 국회단지2길 15-15 (봉천동),126.94031625373,37.4872392470438
,"서울특별시 관악구 국회단지2길 29-5 (봉천동, SUN펠리스)",126.941120753672,37.486945651809
,"서울특별시 관악구 국회단지4길 20 (봉천동, 에덴빌라)",126.941043691394,37.4873118731188
,서울특별시 관악구 국회단지5길 21 (봉천동),126.939069105502,37.4880524908633
,"서울특별시 관악구 국회단지9길 2 (봉천동, 중현빌)",126.941012307195,37.4885432648776
,"서울특별시 관악구 국회단지9길 29 (봉천동, 아르떼빌)",126.939450014681,37.4886487934382
,서울특별시 관악구 국회단지길 102 (봉천동),126.942347526569,37.4899348094943
,"서울특별시 관악구 국회단지길 46 (봉천동, 와이즈힐)",126.940656917808,37.4879753618927
,"서울특별시 관악구 낙성대로 37 (봉천동, 낙성대현대아파트)",126.959396476881,37.47523653554
,"서울특별시 관악구 낙성대로15길 66 (봉천동, 인헌아파트)",126.961769042702,37.468034829997
,"서울특별시 관악구 낙성대로3길 31 (봉천동, 낙원그린빌라)",126.960363987644,37.4737204642651
,서울특별시 관악구 낙성대로3길 33-14 (봉천동),126.96057735934,37.4738474879657
,서울특별시 관악구 낙성대역10길 14 (봉천동),126.963118439806,37.4739734587312
,"서울특별시 관악구 낙성대역10길 23-12 (봉천동, 로제하우스)",126.963319714716,37.4731869395516
,서울특별시 관악구 낙성대역10길 38 (봉천동),126.962322224599,37.4730752608385
,"서울특별시 관악구 낙성대역12길 13 (봉천동, 로제하우스(3차))",126.963721851922,37.4736108988725
,서울특별시 관악구 낙성대역14가길 12-7 (봉천동),126.963978099292,37.4725094022001
,"서울특별시 관악구 낙성대역14가길 12-7 (봉천동, 영락빌라)",126.963978099292,37.4725094022001
,서울특별시 관악구 낙성대역14길 32 (봉천동),126.963384714129,37.4729631487788
,"서울특별시 관악구 낙성대역14길 7 (봉천동, 보람아트빌라)",126.964503993138,37.4737179962166
,서울특별시 관악구 낙성대역16길 14 (봉천동),126.964520404835,37.4734376968972
,"서울특별시 관악구 낙성대역16길 22 (봉천동, 롯데하이츠)",126.964579486747,37.4730497396427
,서울특별시 관악구 낙성대역16길 34 (봉천동),126.964605185043,37.4724935537199
,서울특별시 관악구 낙성대역16길 44 (봉천동),126.964719192696,37.4721357966195
,"서울특별시 관악구 낙성대역18길 20 (봉천동, 청구빌라트)",126.965057156742,37.4729681602385
,"서울특별시 관악구 낙성대역3길 6-10 (봉천동, 신선빌라)",126.961968193935,37.4756757325587
,"서울특별시 관악구 낙성대역3길 6-15 302호(봉천동, 홍진그린맨션)",126.962249335826,37.4757170889634
,"서울특별시 관악구 낙성대역3길 6-2 (봉천동, 건영빌라)",126.961764639665,37.476013365326
,"서울특별시 관악구 낙성대역3길 6-22 (봉천동, 장미그린빌라)",126.962633815018,37.4755183583113
,"서울특별시 관악구 낙성대역3길 6-24 (봉천동, 장미그린빌라)",126.962760438555,37.4755092980871
,서울특별시 관악구 낙성대역3길 9 (봉천동),126.961999628183,37.4761113808909
,"서울특별시 관악구 낙성대역3길 9 (봉천동, 노성수씨 빌딩)",126.961999628183,37.4761113808909
,서울특별시 관악구 낙성대역4길 12-26 (봉천동),126.961017916887,37.475587033812
,서울특별시 관악구 낙성대역6길 6 (봉천동),126.962207112019,37.4749283314454
,"서울특별시 관악구 낙성대역6길 7 (봉천동, 관악참존빌)",126.96241484987,37.4748052296509
,"서울특별시 관악구 낙성대역8길 42 (봉천동, 봉천동다세대주택)",126.961536780632,37.4741378393008
,서울특별시 관악구 낙성대역8길 43-11 (봉천동),126.96119840168,37.4735173832335
,"서울특별시 관악구 낙성대역8길 43-8 (봉천동, 이레하우스)",126.961104764852,37.4737966655789
,"서울특별시 관악구 낙성대역길 23 (봉천동, 아름실)",126.961770660392,37.476400531147
,"서울특별시 관악구 낙성대역길 70 (봉천동, 리치빌)",126.962627009767,37.4748816124859
,서울특별시 관악구 낙성대역길 77 ,126.963230048844,37.4748387334085
,서울특별시 관악구 난곡로 136-11 (신림동),126.921060866517,37.4677442544074
,"서울특별시 관악구 난곡로 167 (신림동, 임광관악파크아파트)",126.918648843524,37.4693712854316
,서울특별시 관악구 난곡로 186 (신림동),126.919836070383,37.4718699679031
,"서울특별시 관악구 난곡로 189-2 (신림동, 난성빌딩)",126.919134390656,37.4720759112207
,서울특별시 관악구 난곡로 250-1 (신림동),126.916109869228,37.4763673847327
,서울특별시 관악구 난곡로 260-13 (신림동),126.916344050746,37.4771368326146
,서울특별시 관악구 난곡로 298 (신림동),126.914997681635,37.4805265491655
,"서울특별시 관악구 난곡로 30 (신림동, 관악산휴먼시아아파트)",126.921077193374,37.4622134077214
,"서울특별시 관악구 난곡로 331 (신림동, 신대방 노블루체)",126.913811013265,37.4835675846406
,"서울특별시 관악구 난곡로 331 (신림동, 신대방노블루체)",126.913811013265,37.4835675846406
,"서울특별시 관악구 난곡로 55 (신림동, 관악산휴먼시아아파트)",126.920752798392,37.4597417150822
,"서울특별시 관악구 난곡로 66 (신림동, 대우신림2차푸르지오아파트)",126.91987541193,37.4610652506245
,"서울특별시 관악구 난곡로 98 (신림동, 파로스프라자)",126.919458376949,37.4640754271385
,"서울특별시 관악구 난곡로15길 16 (신림동, 진성빌라)",126.919491331682,37.4671806043109
,"서울특별시 관악구 난곡로16길 3 (신림동, 프레스티지빌)",126.920801876432,37.4671138240017
,"서울특별시 관악구 난곡로24길 64 (신림동, 펠리체빌리지)",126.921678008302,37.4678036812711
,서울특별시 관악구 난곡로24다길 17-2 (신림동),126.922246046101,37.4693255030943
,"서울특별시 관악구 난곡로24라길 21 (신림동, CG아름채)",126.92260044832,37.4686567353529
,서울특별시 관악구 난곡로25가길 8 (신림동),126.918731918894,37.470426155576
,"서울특별시 관악구 난곡로26길 115 (신림동, 대림아트빌)",126.925254133175,37.4683006523565
,서울특별시 관악구 난곡로26길 18-4 (신림동),126.920736804678,37.4701814514777
,서울특별시 관악구 난곡로26길 69 (신림동),126.923631787316,37.4699375622548
,서울특별시 관악구 난곡로26길 99-20 (신림동),126.925097899466,37.4697834367678
,"서울특별시 관악구 난곡로26나길 26 (신림동, CG아름채)",126.92290526729,37.4687115358649
,"서울특별시 관악구 난곡로26나길 30 (신림동, CG아름채)",126.923154805014,37.4686597100879
,"서울특별시 관악구 난곡로26마길 28 (신림동, 라임카운티)",126.923967431897,37.4673545809901
,"서울특별시 관악구 난곡로30길 27 (신림동, 아름채)",126.921810030065,37.4716120699378
,"서울특별시 관악구 난곡로30길 42 (신림동, 세웅그린빌라)",126.921681703103,37.4707633233422
,서울특별시 관악구 난곡로31길 10 (신림동),126.919092184424,37.4714832879175
,"서울특별시 관악구 난곡로31길 10 (신림동, 금화하이빌)",126.919092184424,37.4714832879175
,"서울특별시 관악구 난곡로31길 32-4 (신림동, 현대빌라)",126.918348994174,37.4707758440307
,"서울특별시 관악구 난곡로31길 53 (신림동, 성진리치빌5차)",126.917623014186,37.4702621246359
,"서울특별시 관악구 난곡로34길 30-6 (신림동, 제일빌라)",126.920662637486,37.4720091011351
,서울특별시 관악구 난곡로34길 3-4 (신림동),126.919621563219,37.4727674084704
,서울특별시 관악구 난곡로34길 36-6 (신림동),126.920962099384,37.4720097523258
,서울특별시 관악구 난곡로34길 40-15 (신림동),126.921292201059,37.4715754154385
,서울특별시 관악구 난곡로34나길 15 (신림동),126.921357191191,37.4727735319161
,"서울특별시 관악구 난곡로35길 28-7 (신림동, 건영아파트)",126.917450108404,37.4714477335735
,서울특별시 관악구 난곡로35길 48 (신림동),126.917595650175,37.4711954621846
,서울특별시 관악구 난곡로35라길 5 (신림동),126.918267631177,37.4714752420771
,서울특별시 관악구 난곡로43길 13-4 (신림동),126.915093466584,37.475709822789
,서울특별시 관악구 난곡로44길 14 (신림동),126.91691381022,37.4760481845023
,"서울특별시 관악구 난곡로45길 22 (신림동, 동문빌라)",126.914519086494,37.4763676862166
,서울특별시 관악구 난곡로45길 29-4 (신림동),126.914008844996,37.4759982624929
,서울특별시 관악구 난곡로45길 29-5 (신림동),126.914233569045,37.4760211312641
,서울특별시 관악구 난곡로46길 19 (신림동),126.916801272559,37.4767046709295
,"서울특별시 관악구 난곡로47길 29 (신림동, 일해리빙텔)",126.913863093859,37.4765128129516
,"서울특별시 관악구 난곡로47길 9 (신림동, 한라타운아파트)",126.915124628427,37.4765456216045
,서울특별시 관악구 난곡로49길 23-5 (신림동),126.91434221955,37.4770062837134
,서울특별시 관악구 난곡로49길 7 (신림동),126.914948579449,37.4771649389794
,"서울특별시 관악구 난곡로51길 21 (신림동, 도레맨션)",126.914042203697,37.4779654605429
,서울특별시 관악구 난곡로57길 38 (신림동),126.912670265255,37.4795193259143
,"서울특별시 관악구 난곡로57길 46 (신림동, 스페이스 빌)",126.912337188133,37.4794278070534
,서울특별시 관악구 난곡로57길 8 (신림동),126.914406569224,37.4797629678923
,서울특별시 관악구 난곡로61길 12 (신림동),126.913404621648,37.4805623337093
,서울특별시 관악구 난곡로61길 32 (신림동),126.912310975215,37.4803810550415
,서울특별시 관악구 난곡로61길 34 (신림동),126.912194776402,37.4803580831218
,서울특별시 관악구 난곡로61길 46 (신림동),126.911636047574,37.4802505366334
,"서울특별시 관악구 난곡로63가길 23 (신림동, 미성엘리트)",126.914354010603,37.480048009033
,서울특별시 관악구 난곡로63길 15-4 (신림동),126.913705115981,37.4807762728509
,"서울특별시 관악구 난곡로63길 8 (신림동, 주원)",126.914072655824,37.4811888423282
,"서울특별시 관악구 난곡로64길 15 (신림동, J&k HOUSE)",126.915518441624,37.4814263096248
,"서울특별시 관악구 난곡로64길 61 (신림동, 초원빌라)",126.918127054682,37.4818930665171
,서울특별시 관악구 난곡로65길 17 (신림동),126.913301379444,37.4821437084793
,"서울특별시 관악구 난곡로65길 24 (신림동, 푸른솔하우스)",126.912833785132,37.4823100510247
,서울특별시 관악구 난곡로66길 12 (신림동),126.91503253072,37.4825000535711
,서울특별시 관악구 난곡로72길 11 (신림동),126.914387405168,37.4855603130845
,서울특별시 관악구 난곡로72길 17-5 (신림동),126.914644865717,37.4857545765001
,서울특별시 관악구 난곡로74길 31-7 (신림동),126.915310746157,37.4864359474239
,"서울특별시 관악구 난곡로74길 37 (신림동, 네모하우스)",126.91572161254,37.4862585624531
,서울특별시 관악구 난곡로74길 39 (신림동),126.915881009923,37.4862850755821
,서울특별시 관악구 난곡로74길 61 (신림동),126.917154792048,37.4865371766434
,서울특별시 관악구 난곡로74길 82-8 (신림동),126.918216195749,37.4863093304143
,서울특별시 관악구 난곡로76길 13 (신림동),126.914359821801,37.4864472453712
,서울특별시 관악구 난곡로77길 17 (신림동),126.912646554891,37.4858044733971
,서울특별시 관악구 난곡로77길 4-3 (신림동),126.913168411083,37.4862527491538
,서울특별시 관악구 난우10가길 22 (신림동),126.919651278841,37.4769009910692
,서울특별시 관악구 난우10길 54-6 (신림동),126.920477987991,37.4765312354611
,"서울특별시 관악구 난우10길 59 (신림동, 신림명성빌라)",126.920152994772,37.4769208830809
,서울특별시 관악구 난우16길 75 (신림동),126.920699125677,37.4773837389961
,서울특별시 관악구 난우2길 30 (신림동),126.920438858585,37.4734503865789
,"서울특별시 관악구 난우2길 5 (신림동, 한나래15차)",126.919176055474,37.4735918891259
,서울특별시 관악구 난우길 34-3 (신림동),126.917988785849,37.475887024089
,서울특별시 관악구 난우길 47 (신림동),126.916899715416,37.4768316924337
,"서울특별시 관악구 난향7길 19 (신림동, 세천년빌라)",126.915700781585,37.4617219771473
,"서울특별시 관악구 난향길 16-5 (신림동, 성호아트빌)",126.917799197128,37.4629810874539
,서울특별시 관악구 난향길 91 (신림동),126.914442253648,37.4634352472184
,"서울특별시 관악구 남부순환로 1430 (신림동, 신림푸르지오)",126.909039951252,37.4792384454661
,"서울특별시 관악구 남부순환로 1430 (신림동, 신림푸르지오아파트)",126.909039951252,37.4792384454661
,"서울특별시 관악구 남부순환로 1556 (신림동, 썬라이즈동산)",126.923557927759,37.4831868591799
,서울특별시 관악구 남부순환로 1569-2 (신림동),126.924747093934,37.4839067174032
,서울특별시 관악구 남부순환로 1592-7 (신림동),126.927918846631,37.4833902547433
,"서울특별시 관악구 남부순환로 1593-10 (신림동, 골든나인)",126.92749080449,37.4845392290289
,"서울특별시 관악구 남부순환로 1773 (봉천동, )",126.947212611798,37.48213912809
,"서울특별시 관악구 남부순환로 1773 (봉천동, 마에스트로캠퍼스타운)",126.947212611798,37.48213912809
,"서울특별시 관악구 남부순환로 1777-7 (봉천동, 프라비다M)",126.947625231145,37.4823862782126
,서울특별시 관악구 남부순환로 1787 (봉천동),126.948889863432,37.4820220135905
,서울특별시 관악구 남부순환로 1798 (봉천동),126.949923176815,37.4812917378912
,"서울특별시 관악구 남부순환로 1802 (봉천동, 관악캠퍼스타워)",126.950284940868,37.4811700742595
,서울특별시 관악구 남부순환로 1805 (봉천동),126.950844987451,37.4817774984599
,서울특별시 관악구 남부순환로 1807-2 (봉천동),126.951051981568,37.4816389191343
,서울특별시 관악구 남부순환로 1811 (봉천동),126.951459046892,37.4817481992415
,서울특별시 관악구 남부순환로 1845 (봉천동),126.955288994827,37.4806611116471
,서울특별시 관악구 남부순환로 1845-9 (봉천동),126.954819732836,37.480950337227
,"서울특별시 관악구 남부순환로 1929-9 (봉천동, 더게이트)",126.963762974638,37.4776482463243
,서울특별시 관악구 남부순환로 1940 (봉천동),126.964287094969,37.4764749310155
,서울특별시 관악구 남부순환로 1975-13 (봉천동),126.968417622502,37.476251845938
,서울특별시 관악구 남부순환로141길 33 (신림동),126.909172967203,37.4825520074699
,"서울특별시 관악구 남부순환로142길 53 (신림동, 성도빌라)",126.912539927655,37.4790179080896
,서울특별시 관악구 남부순환로142길 70 (신림동),126.912879556408,37.4783339326778
,"서울특별시 관악구 남부순환로143길 17 (신림동, 유토빌)",126.910441996349,37.4821673445452
,서울특별시 관악구 남부순환로143길 22 (신림동),126.910810653726,37.4822961973291
,"서울특별시 관악구 남부순환로144길 46 (신림동, 로뎀빌)",126.912938350641,37.4793044529065
,서울특별시 관악구 남부순환로144길 51 (신림동),126.913222692114,37.4790114737366
,"서울특별시 관악구 남부순환로151길 13 (신림동, 풍양빌딩)",126.917141223711,37.482851502907
,"서울특별시 관악구 남부순환로151길 18 (신림동, 아트빌)",126.917275801216,37.483232994095
,서울특별시 관악구 남부순환로151길 45 (신림동),126.915760007076,37.4836838688923
,"서울특별시 관악구 남부순환로152가길 26 (신림동, 삼성연립)",126.917508414372,37.4819626445868
,서울특별시 관악구 남부순환로152길 32 (신림동),126.919043729628,37.4815055436217
,서울특별시 관악구 남부순환로152길 76 (신림동),126.918654601054,37.4817908961129
,서울특별시 관악구 남부순환로153길 42 (신림동),126.916190011203,37.4843763292854
,서울특별시 관악구 남부순환로154길 42 (신림동),126.919648713708,37.4809861646428
,서울특별시 관악구 남부순환로154길 46 (신림동),126.919513301314,37.4809539064626
,서울특별시 관악구 남부순환로161가길 12 (신림동),126.918008900628,37.485207614283
,"서울특별시 관악구 남부순환로161길 48 (신림동, 인토하우스)",126.919803375262,37.4847997882396
,서울특별시 관악구 남부순환로161나길 27-5 (신림동),126.920126197526,37.4857397584208
,서울특별시 관악구 남부순환로161나길 34 (신림동),126.920709013793,37.4854658841285
,서울특별시 관악구 남부순환로163가길 19 (신림동),126.920517224055,37.484744227913
,서울특별시 관악구 남부순환로163가길 25 (신림동),126.920315068454,37.4848436531522
,서울특별시 관악구 남부순환로163나길 8-4 (신림동),126.921936912773,37.4841772689317
,서울특별시 관악구 남부순환로164길 15-1 (신림동),126.923256972864,37.4820597726635
,서울특별시 관악구 남부순환로166길 50-2 1층 201호(신림동),126.923624224126,37.4811474689916
,서울특별시 관악구 남부순환로166길 50-2 1층 202호(신림동),126.923624224126,37.4811474689916
,서울특별시 관악구 남부순환로166길 50-2 1층 203호(신림동),126.923624224126,37.4811474689916
,서울특별시 관악구 남부순환로166길 50-2 2층 301호(신림동),126.923624224126,37.4811474689916
,서울특별시 관악구 남부순환로166길 50-2 2층 302호(신림동),126.923624224126,37.4811474689916
,서울특별시 관악구 남부순환로166길 50-2 2층 303호(신림동),126.923624224126,37.4811474689916
,서울특별시 관악구 남부순환로166길 50-2 3층 401호(신림동),126.923624224126,37.4811474689916
,서울특별시 관악구 남부순환로166길 50-2 3층 402호(신림동),126.923624224126,37.4811474689916
,서울특별시 관악구 남부순환로166길 50-2 B 101호(신림동),126.923624224126,37.4811474689916
,서울특별시 관악구 남부순환로166길 50-2 B102호(신림동),126.923624224126,37.4811474689916
,서울특별시 관악구 남부순환로166길 50-2 B103호(신림동),126.923624224126,37.4811474689916
,서울특별시 관악구 남부순환로166길 50-2 B104호(신림동),126.923624224126,37.4811474689916
,서울특별시 관악구 남부순환로166길 51 (신림동),126.923856990183,37.4810625639938
,서울특별시 관악구 남부순환로167길 30 (신림동),126.92360655421,37.4849549393187
,서울특별시 관악구 남부순환로167길 38 3층 301호(신림동),126.92358778919,37.4852839753754
,서울특별시 관악구 남부순환로167길 38 4층 401호(신림동),126.92358778919,37.4852839753754
,서울특별시 관악구 남부순환로167길 38 5층 501호(신림동),126.92358778919,37.4852839753754
,서울특별시 관악구 남부순환로168가길 16 (신림동),126.925165815499,37.4810318648976
,서울특별시 관악구 남부순환로168가길 31 (신림동),126.926128678596,37.480995709657
,서울특별시 관악구 남부순환로168가길 55-1 (신림동),126.927389010871,37.4804850782727
,서울특별시 관악구 남부순환로168길 14 (신림동),126.923900296462,37.4821735356559
,서울특별시 관악구 남부순환로168길 47 (신림동),126.924572060912,37.4807653293309
,서울특별시 관악구 남부순환로168라길 23 (신림동),126.925683776259,37.4800900068142
,서울특별시 관악구 남부순환로172길 80 (신림동),126.921398931724,37.4824640050848
,서울특별시 관악구 남부순환로180길 16 (신림동),126.931169488852,37.483720610756
,서울특별시 관악구 남부순환로184가길 15 (신림동),126.932598848174,37.4836049344124
,서울특별시 관악구 남부순환로184가길 17 (신림동),126.932620700402,37.4834448376693
,서울특별시 관악구 남부순환로185길 32 (신림동),126.932304398586,37.4861429063789
,서울특별시 관악구 남부순환로190길 59 (신림동),126.934071174293,37.48206630187
,서울특별시 관악구 남부순환로192길 52 (신림동),126.934523287539,37.4823528938457
,"서울특별시 관악구 남부순환로194길 19 (신림동, 광덕빌)",126.934971995561,37.4838329581127
,서울특별시 관악구 남부순환로194길 31-7 (신림동),126.935294823808,37.4834083098527
,서울특별시 관악구 남부순환로194길 37 (신림동),126.935028277682,37.4830776736474
,서울특별시 관악구 남부순환로194길 37-3 (신림동),126.935174909674,37.4830917198224
,"서울특별시 관악구 남부순환로194길 52 (신림동, 송학)",126.934807453179,37.4824389171068
,"서울특별시 관악구 남부순환로196길 25 (신림동, 하나빌리지)",126.935614525838,37.4837238374759
,"서울특별시 관악구 남부순환로198길 10 (신림동, 효림다온아파트)",126.936423093516,37.4840776508445
,"서울특별시 관악구 남부순환로200가길 23-6 (신림동, 기풍빌리지)",126.936250100345,37.4835486656669
,서울특별시 관악구 남부순환로200나길 1 (신림동),126.937154505524,37.4828739343822
,서울특별시 관악구 남부순환로200나길 21-8 (신림동),126.935960798273,37.4831152142151
,서울특별시 관악구 남부순환로200나길 9 (신림동),126.936796981883,37.4830270953341
,서울특별시 관악구 남부순환로200다길 24 (신림동),126.935908535718,37.483014363018
,"서울특별시 관악구 남부순환로206길 31 (봉천동, 오성빌라)",126.941932675212,37.4809992176393
,서울특별시 관악구 남부순환로206길 37 (봉천동),126.942002761212,37.4807219215137
,서울특별시 관악구 남부순환로210길 47 (봉천동),126.94473117717,37.4797481573066
,"서울특별시 관악구 남부순환로214길 14 (봉천동, 라온3)",126.947467217304,37.4810253243348
,서울특별시 관악구 남부순환로216길 16 (봉천동),126.948831101294,37.4808168887896
,서울특별시 관악구 남부순환로216길 31 (봉천동),126.94935324445,37.4801040552214
,서울특별시 관악구 남부순환로216길 41 (봉천동),126.949563043144,37.4798270846676
,서울특별시 관악구 남부순환로218길 1 (봉천동),126.950689194498,37.4810791516623
,서울특별시 관악구 남부순환로218길 32 (봉천동),126.9501095157,37.4799107501215
,"서울특별시 관악구 남부순환로218길 37 (봉천동, 프라비다2)",126.950464811358,37.4796436603018
,"서울특별시 관악구 남부순환로220길 29 (봉천동, 코스모블루)",126.951825532329,37.4799074077022
,서울특별시 관악구 남부순환로226길 20 (봉천동),126.953553705513,37.4798081777683
,서울특별시 관악구 남부순환로226길 23-10 (봉천동),126.95423077026,37.4793285644941
,"서울특별시 관악구 남부순환로226길 40 (봉천동, 리치타워)",126.953410438229,37.4789319800156
,"서울특별시 관악구 남부순환로226길 41 (봉천동, 천우빌라)",126.95379442866,37.4786737213371
,서울특별시 관악구 남부순환로228길 15 1층 102호,126.955017579532,37.479080728714
,서울특별시 관악구 남부순환로228길 74 (봉천동),126.953878276393,37.4765327753853
,"서울특별시 관악구 남부순환로228길 79-3 (봉천동, 푸른솔빌)",126.954267302909,37.4763359658864
,"서울특별시 관악구 남부순환로230길 39-5 (봉천동, 작은나무)",126.955797798249,37.4783046234457
,서울특별시 관악구 남부순환로230길 86 (봉천동),126.954584973459,37.4763541987065
,서울특별시 관악구 남부순환로231길 38-14 (봉천동),126.958830952548,37.4806618582758
,서울특별시 관악구 남부순환로231길 46-5 (봉천동),126.958543382081,37.4811756031482
,"서울특별시 관악구 남부순환로234길 30 (봉천동, 엄마의 꿈)",126.956680697299,37.4780435676129
,"서울특별시 관악구 남부순환로234길 30 (봉천동, 엄마의꿈)",126.956680697299,37.4780435676129
,서울특별시 관악구 남부순환로237길 18 (봉천동),126.960610814826,37.479246709384
,서울특별시 관악구 남부순환로244길 14 (봉천동),126.963031332413,37.4763875973595
,서울특별시 관악구 남부순환로246길 32-9 (봉천동),126.963478832791,37.4749267491329
,"서울특별시 관악구 남부순환로246길 43 (봉천동, E.H.Vill)",126.963922263549,37.4746052248097
,서울특별시 관악구 남부순환로246나길 5 ,126.964508290927,37.4751484409668
,서울특별시 관악구 남부순환로246다길 12 (봉천동),126.964599693274,37.4747895961397
,서울특별시 관악구 남부순환로246다길 22 (봉천동),126.964936946123,37.4745050676522
,서울특별시 관악구 남부순환로247가길 17 (봉천동),126.965428660773,37.4770853441568
,서울특별시 관악구 남부순환로247가길 18 (봉천동),126.965585413647,37.4772042330798
,"서울특별시 관악구 남부순환로247길 50 (봉천동, 부성빌라)",126.966296529131,37.477964079179
,서울특별시 관악구 남부순환로247나길 19 (봉천동),126.965640836442,37.4773949929318
,서울특별시 관악구 남부순환로247나길 40 (봉천동),126.964887260039,37.4780090796661
,서울특별시 관악구 남부순환로247나길 42 (봉천동),126.964731112394,37.4780445329324
,"서울특별시 관악구 남부순환로247나길 45 (봉천동, 세정홈타운)",126.964592246974,37.4778727589993
,"서울특별시 관악구 남부순환로248길 56 (봉천동, 낙성대현대아파트)",126.965721117841,37.4736559155749
,서울특별시 관악구 남부순환로248길 65 (봉천동),126.966248435139,37.4732877344284
,"서울특별시 관악구 남부순환로249길 10 (봉천동, 장미주택)",126.96764097197,37.4761840600671
,서울특별시 관악구 남부순환로249길 11 (봉천동),126.967411331606,37.4762491399576
,"서울특별시 관악구 남부순환로249길 12-8 (봉천동, 까치빌라)",126.967961408985,37.4760838650038
,서울특별시 관악구 남부순환로249길 22 (봉천동),126.96789197482,37.4766574289324
,서울특별시 관악구 남부순환로249길 8 (봉천동),126.967595455792,37.4760810621803
,"서울특별시 관악구 남부순환로251길 10-15 (봉천동, 궁전빌라)",126.969979673392,37.4757210177725
,"서울특별시 관악구 남부순환로256길 13-8 (남현동, 남광센트빌)",126.972383590698,37.4749139388244
,"서울특별시 관악구 남부순환로256라길 25 (남현동, 남현동한일유엔아이아파트)",126.973712308909,37.4716280775458
,"서울특별시 관악구 남부순환로260길 11 (남현동, 더 트라이앵글)",126.973439572051,37.4753339614239
,"서울특별시 관악구 남부순환로260길 23 (남현동, 남광쉐르빌)",126.97299960687,37.4749226407883
,"서울특별시 관악구 남부순환로262길 10-11 (남현동, 삼성타운)",126.974341304903,37.4755868939423
,서울특별시 관악구 남부순환로262길 10-12 (남현동),126.974329491877,37.4757492533465
,서울특별시 관악구 남부순환로272길 24-3 (남현동),126.978095293504,37.4753483412807
,서울특별시 관악구 남부순환로272길 28 (남현동),126.978246351748,37.4752788112247
,"서울특별시 관악구 남현12길 21 (남현동, 관악산대창센시티아파트)",126.972482063378,37.4715095848806
,"서울특별시 관악구 남현1가길 14 (남현동, 행복하우스)",126.977615523275,37.4752664396685
,서울특별시 관악구 남현2길 21-6 (남현동),126.976076673481,37.47556257037
,서울특별시 관악구 남현2길 21-8 (남현동),126.976102933398,37.4754631041964
,"서울특별시 관악구 남현2길 70 (남현동, 미도하우스)",126.973582959481,37.4752290259171
,"서울특별시 관악구 남현2길 87 (남현동, 이에스하임)",126.973102779215,37.4744144045932
,"서울특별시 관악구 남현3가길 12 (남현동, 정선하이빌)",126.976801074406,37.4742332746434
,"서울특별시 관악구 남현3길 21 (남현동, 네오스빌)",126.977958268224,37.4749827760805
,서울특별시 관악구 남현3길 9-6 (남현동),126.977351730689,37.475029243593
,서울특별시 관악구 남현4길 1 (남현동),126.976650488343,37.4749678384268
,"서울특별시 관악구 남현4길 18 (남현동, 메종슈에뜨M)",126.975842764055,37.4752213103429
,서울특별시 관악구 남현4길 62 (남현동),126.973721045801,37.4744419344175
,서울특별시 관악구 남현6길 31 (남현동),126.974785909396,37.4736637838455
,"서울특별시 관악구 남현8길 13-6 (남현동, 라피네하임)",126.974970358051,37.4734711870915
,서울특별시 관악구 남현길 112 (남현동),126.974431278985,37.4723151656259
,서울특별시 관악구 남현길 114 (남현동),126.974368568883,37.4722229786817
,서울특별시 관악구 남현길 66-10 (남현동),126.975515620086,37.4740918269983
,"서울특별시 관악구 남현길 66-6 (남현동, 예촌파크)",126.975767268545,37.4740983661473
,서울특별시 관악구 남현길 66-8 (남현동),126.975628111657,37.4740725686389
,서울특별시 관악구 당곡2길 47-8 (봉천동),126.930971218087,37.4919045292967
,"서울특별시 관악구 당곡2길 69 (봉천동, 연희빌라)",126.933592578125,37.4929264224171
,서울특별시 관악구 당곡6가길 5 (봉천동),126.928409646678,37.491816688341
,"서울특별시 관악구 당곡6길 25 (봉천동, 창호빌라)",126.928843555836,37.4919024560625
,서울특별시 관악구 당곡6나길 38-4 (봉천동),126.931888716884,37.4924149417688
,서울특별시 관악구 당곡길 19 (봉천동),126.928863419584,37.4901538831268
,서울특별시 관악구 당곡길 7 1층점포제외 (봉천동),126.928784153578,37.4896781034202
,서울특별시 관악구 대학14길 27 (신림동),126.936144242108,37.4664422166034
,서울특별시 관악구 대학14길 65-19 (신림동),126.936152031434,37.4652581118935
,"서울특별시 관악구 대학18길 6 (신림동, 금호타운)",126.93735326531,37.465544645695
,"서울특별시 관악구 대학5길 36-10 (신림동, 다담빌)",126.939561695921,37.4687576298028
,서울특별시 관악구 대학5길 37 (신림동),126.939825146277,37.4693863093358
,서울특별시 관악구 대학5길 58 (신림동),126.940522069984,37.4690874365273
,"서울특별시 관악구 대학7길 26 (신림동, 관악아파트)",126.939025425266,37.4683363119549
,서울특별시 관악구 대학7길 36-5 (신림동),126.939825338015,37.4683009518735
,"서울특별시 관악구 대학7길 47-8 (신림동, 성산원룸)",126.940327570651,37.4690274212546
,서울특별시 관악구 대학길 66 (신림동),126.937551171456,37.4677464611334
,서울특별시 관악구 대학길 70 (신림동),126.937529569334,37.4676241825324
,서울특별시 관악구 문성로 100 (신림동) 한나래빌,126.914715344722,37.4774650772744
,"서울특별시 관악구 문성로 100 (신림동, 한나래)",126.914715344722,37.4774650772744
,서울특별시 관악구 문성로 194 (신림동),126.9252137127,37.4788037900804
,서울특별시 관악구 문성로 218-10 (신림동),126.927645158045,37.4788924316229
,"서울특별시 관악구 문성로 221-5 (신림동, 신림 애스톤빌 7차)",126.928477963242,37.4797001527303
,"서울특별시 관악구 문성로 221-6 (신림동, 에스톤빌 4차)",126.928618377969,37.4795860797961
,서울특별시 관악구 문성로 74 (신림동),126.912058124803,37.4767561074089
,"서울특별시 관악구 문성로 74 (신림동, 건영아파트)",126.912058124803,37.4767561074089
,서울특별시 관악구 문성로 82-6 (신림동),126.912634233071,37.4769655689645
,서울특별시 관악구 문성로16길 1 (신림동),126.913749788538,37.4773215664252
,서울특별시 관악구 문성로16나길 21 (신림동),126.913541369241,37.4751149319568
,"서울특별시 관악구 문성로19길 16 (신림동, CG 아름채)",126.916236760227,37.4788598466693
,서울특별시 관악구 문성로25길 19 (신림동),126.9259031088,37.4799785996534
,서울특별시 관악구 문성로25길 23-10 1층1호(신림동),126.926114405438,37.4802198419734
,서울특별시 관악구 문성로25길 23-10 2층1호(신림동),126.926114405438,37.4802198419734
,서울특별시 관악구 문성로25길 23-10 B01호(신림동),126.926114405438,37.4802198419734
,서울특별시 관악구 문성로25길 23-10 B02호(신림동),126.926114405438,37.4802198419734
,서울특별시 관악구 문성로25길 23-8 (신림동),126.926243612761,37.4802401954015
,서울특별시 관악구 문성로25길 9-10 (신림동),126.925107210885,37.479711579387
,서울특별시 관악구 문성로26길 11 (신림동),126.925911711501,37.4784795962016
,"서울특별시 관악구 문성로28길 11-12 (신림동, 연House)",126.927877094421,37.4784824340391
,서울특별시 관악구 문성로28길 12 (신림동),126.92717967765,37.4786815798157
,서울특별시 관악구 문성로28길 42 (신림동),126.926512078524,37.4775217477431
,"서울특별시 관악구 문성로30길 39 (신림동, 산마루빌)",126.928377327904,37.4774628858871
,서울특별시 관악구 문성로32길 61 (신림동),126.929083325925,37.4766617737197
,서울특별시 관악구 문성로32길 63-1 (신림동),126.929171736428,37.4765399201608
,서울특별시 관악구 문성로36길 27-5 ,126.929575162867,37.4775720874291
,서울특별시 관악구 문성로38가길 14 (신림동),126.929457728011,37.4764575587742
,"서울특별시 관악구 문성로38가길 21 (신림동, 동일용화빌라)",126.929001233115,37.4763194308967
,서울특별시 관악구 문성로38가길 33 (신림동),126.92825413587,37.4763581735373
,서울특별시 관악구 문성로38길 13-12 (신림동),126.931007475437,37.4779315341674
,서울특별시 관악구 문성로38길 17 (신림동),126.930436975131,37.4778290252131
,서울특별시 관악구 문성로38길 26-5 (신림동),126.930022231967,37.4774009810619
,"서울특별시 관악구 문성로38길 28 (신림동, 대호빌라)",126.930171126277,37.4774007988467
,서울특별시 관악구 문성로38길 32-5 (신림동),126.929986984549,37.477130837556
,서울특별시 관악구 문성로38길 46-15 (신림동),126.929456932306,37.4765824382209
,서울특별시 관악구 문성로38길 51-16 (신림동),126.93098499171,37.4761946450984
,"서울특별시 관악구 문성로38길 51-3 (신림동, 명빌라)",126.930421579381,37.4763874010256
,"서울특별시 관악구 문성로38길 57-12 (신림동, 금호빌라)",126.930809907556,37.4759102741708
,서울특별시 관악구 문성로38길 57-18 (신림동),126.931101161544,37.4758789991242
,서울특별시 관악구 문성로38길 60 (신림동),126.930019492619,37.4759739605715
,"서울특별시 관악구 문성로38나길 14 (신림동, 명빌라)",126.929408819505,37.4761704679166
,서울특별시 관악구 문성로38나길 3 (신림동),126.92988292252,37.4759756816272
,"서울특별시 관악구 문성로38나길 3 (신림동, 황제빌라)",126.92988292252,37.4759756816272
,서울특별시 관악구 문성로38다길 18 (신림동),126.929065392835,37.4758990583532
,"서울특별시 관악구 문성로38다길 29 (신림동, 영화빌라)",126.928474008622,37.4757831023106
,"서울특별시 관악구 문성로38다길 31 (신림동, 영화빌라)",126.928339130333,37.4757893276544
,서울특별시 관악구 문성로38다길 32 (신림동),126.92838860931,37.475947935347
,"서울특별시 관악구 문성로38라길 20 (신림동, 현대파크빌라트)",126.929042845206,37.4755932421388
,서울특별시 관악구 미성10길 55 (신림동),126.911242140037,37.4712706000255
,서울특별시 관악구 미성10길 59 (신림동),126.911287503436,37.4711480065968
,"서울특별시 관악구 미성10길 64 (신림동, 뉴서울아파트)",126.911318767889,37.4708069976738
,서울특별시 관악구 미성8길 16 (신림동),126.912851728305,37.4743560454508
,"서울특별시 관악구 미성길 122 (신림동, 신림동쌍용아파트)",126.912173514333,37.4728285117404
,서울특별시 관악구 미성길 148 (신림동),126.911972790674,37.4708573125704
,서울특별시 관악구 법원단지10길 63 (신림동),126.923424389907,37.4746643975833
,서울특별시 관악구 법원단지10길 91 (신림동),126.924663215507,37.4753319411389
,"서울특별시 관악구 법원단지13길 16 (신림동, 우석빌라12차)",126.920915524014,37.4747992480202
,서울특별시 관악구 법원단지14길 28 (신림동),126.921881756279,37.4730804034923
,"서울특별시 관악구 법원단지16길 6 (신림동, 유진하이츠빌)",126.921884289329,37.4740138514756
,"서울특별시 관악구 법원단지20길 6 (신림동, 에덴하우스)",126.922587736113,37.4744067042176
,서울특별시 관악구 법원단지20길 9 (신림동),126.922904308467,37.4743779887785
,서울특별시 관악구 법원단지22길 22 (신림동),126.923375442808,37.4741066407671
,서울특별시 관악구 법원단지22길 23 (신림동),126.923657585775,37.4741373676278
,서울특별시 관악구 법원단지22길 32 (신림동),126.9237655675,37.4736740479494
,서울특별시 관악구 법원단지24길 27 (신림동),126.924210669332,37.4740978089365
,"서울특별시 관악구 법원단지26길 30 (신림동, 동신리치빌)",126.924360608327,37.4741762928723
,서울특별시 관악구 법원단지26길 6 (신림동),126.923561890339,37.4750790412019
,"서울특별시 관악구 법원단지28길 32 (신림동, 청운아트빌)",126.924861367024,37.4742320244729
,서울특별시 관악구 법원단지29길 23 (신림동),126.923372762805,37.4765101724771
,서울특별시 관악구 법원단지2길 13 (신림동),126.919604687448,37.473852303099
,서울특별시 관악구 법원단지30길 25 (신림동),126.92510199617,37.4748545047241
,서울특별시 관악구 법원단지31길 22 (신림동),126.923832371007,37.4766906715439
,서울특별시 관악구 법원단지31길 25 (신림동),126.923594590937,37.4767167374017
,서울특별시 관악구 법원단지5가길 28 (신림동),126.920879587775,37.4752147696463
,"서울특별시 관악구 법원단지5길 47 (신림동, 동남빌라)",126.920009199128,37.4759567957596
,서울특별시 관악구 법원단지5길 59-5 (신림동),126.920411157976,37.4764387468908
,서울특별시 관악구 법원단지5길 64 (신림동),126.920888603189,37.4762073278736
,서울특별시 관악구 법원단지5길 94 (신림동),126.922340285174,37.4770117210652
,서울특별시 관악구 법원단지5다길 35 (신림동),126.920346658003,37.4779857365356
,서울특별시 관악구 법원단지7길 54 (신림동),126.922612396596,37.4758171609797
,"서울특별시 관악구 법원단지7길 65 (신림동, 현대아트빌)",126.923029700132,37.4762343306849
,서울특별시 관악구 법원단지7길 69 (신림동),126.923246408951,37.4763598020801
,"서울특별시 관악구 법원단지7길 8 (신림동, 썬문ENCVill)",126.920507468714,37.4746349003269
,서울특별시 관악구 법원단지9길 34 (신림동),126.921823439204,37.4750185272625
,"서울특별시 관악구 법원단지9길 38 (신림동, 태영민가)",126.921974391911,37.4750999882165
,서울특별시 관악구 법원단지9길 69 (신림동),126.923398596067,37.4761221244205
,서울특별시 관악구 법원단지9길 74 (신림동),126.923716313578,37.4760858390794
,서울특별시 관악구 법원단지길 125 (신림동),126.923671412769,37.4755482677474
,서울특별시 관악구 보라매로 25 (봉천동),126.926636482985,37.491815870852
,"서울특별시 관악구 보라매로 25 (봉천동, 칸타빌레7차)",126.926636482985,37.491815870852
,"서울특별시 관악구 보라매로 62 (봉천동, 보라매삼성아파트)",126.927602560192,37.4948015028766
,서울특별시 관악구 보라매로2길 3-4 (봉천동),126.928292193709,37.4903614002135
,"서울특별시 관악구 보라매로6길 33 (봉천동, 해바라기아파트)",126.928976000687,37.4930636636016
,서울특별시 관악구 보라매로6길 42 (봉천동),126.929300181849,37.4926015513357
,서울특별시 관악구 복은10길 7 (신림동),126.941139884522,37.4746659907559
,서울특별시 관악구 복은4길 8 (신림동),126.937720891527,37.4739592880075
,"서울특별시 관악구 복은8길 14-5 (신림동, 뮤지컬파크)",126.940655648883,37.4741400993649
,서울특별시 관악구 복은길 24 (신림동),126.937236126465,37.4739654286793
,서울특별시 관악구 복은길 97 (신림동),126.941348954958,37.4750509160218
,"서울특별시 관악구 봉천로 186 (신림동, 장항빌딩)",126.922152640723,37.4896269774147
,서울특별시 관악구 봉천로 213-10 (봉천동),126.92574057824,37.4903245945504
,서울특별시 관악구 봉천로 221-10 (봉천동),126.926503129133,37.4904675206637
,"서울특별시 관악구 봉천로 247 (봉천동, 태산빌딩)",126.929218103845,37.489228310928
,서울특별시 관악구 봉천로 270 (신림동),126.930874097568,37.4877184817104
,서울특별시 관악구 봉천로 303-6 (봉천동),126.934874197489,37.4868249723313
,서울특별시 관악구 봉천로 314 (봉천동),126.935354969042,37.4859075596576
,서울특별시 관악구 봉천로 342 (봉천동),126.938097694888,37.4846418505232
,"서울특별시 관악구 봉천로 354 (봉천동, 도원맨션)",126.939093445523,37.4839769733355
,"서울특별시 관악구 봉천로 356 (봉천동, 도원맨션)",126.939367889913,37.4839342264909
,서울특별시 관악구 봉천로 373-3 (봉천동),126.941619589357,37.4837859733521
,서울특별시 관악구 봉천로 387 (봉천동),126.942701190325,37.4837602834938
,"서울특별시 관악구 봉천로 387 (봉천동, 두산아파트)",126.942701190325,37.4837602834938
,"서울특별시 관악구 봉천로 388-3 (봉천동, )",126.943094122283,37.4828254067112
,서울특별시 관악구 봉천로 391 (봉천동),126.943250339993,37.4834714149035
,서울특별시 관악구 봉천로 449 (봉천동),126.949959684945,37.4826640798488
,서울특별시 관악구 봉천로 454 (봉천동),126.950219297428,37.4821245753887
,서울특별시 관악구 봉천로 466 (봉천동),126.951638187547,37.4820210080697
,서울특별시 관악구 봉천로 472 (봉천동),126.952225627266,37.4818953761288
,"서울특별시 관악구 봉천로 472 (봉천동, CO-OP RESIDENCE/서울대입구)",126.952225627266,37.4818953761288
,서울특별시 관악구 봉천로 507-30 (봉천동),126.956648620283,37.4805340354467
,서울특별시 관악구 봉천로 563 (봉천동),126.960300090148,37.4778270651579
,"서울특별시 관악구 봉천로 576 (봉천동, 동아타운아파트)",126.961320975076,37.4769738774324
,"서울특별시 관악구 봉천로 577 (봉천동, 리치캐슬)",126.961718774321,37.4772758451886
,서울특별시 관악구 봉천로 584 (봉천동),126.962157134018,37.4767400658932
,서울특별시 관악구 봉천로12길 28 (신림동),126.929468229467,37.4874165339665
,"서울특별시 관악구 봉천로12길 28 (신림동, 코스모그린)",126.929468229467,37.4874165339665
,서울특별시 관악구 봉천로12길 32 (신림동),126.929471745847,37.4872843582096
,서울특별시 관악구 봉천로13가길 20-1 (봉천동),126.931541331092,37.4892041814458
,서울특별시 관악구 봉천로13길 90 (봉천동),126.932888057862,37.4914528775978
,서울특별시 관악구 봉천로13나길 27-16 201호(봉천동),126.93186251737,37.4903851374743
,서울특별시 관악구 봉천로13나길 27-16 202호(봉천동),126.93186251737,37.4903851374743
,서울특별시 관악구 봉천로13나길 27-16 203호(봉천동),126.93186251737,37.4903851374743
,서울특별시 관악구 봉천로13나길 27-16 204호(봉천동),126.93186251737,37.4903851374743
,서울특별시 관악구 봉천로13나길 27-16 205호(봉천동),126.93186251737,37.4903851374743
,서울특별시 관악구 봉천로13나길 27-16 301호(봉천동),126.93186251737,37.4903851374743
,서울특별시 관악구 봉천로13나길 27-16 302호(봉천동),126.93186251737,37.4903851374743
,서울특별시 관악구 봉천로13나길 27-16 303호(봉천동),126.93186251737,37.4903851374743
,서울특별시 관악구 봉천로13나길 27-16 304호(봉천동),126.93186251737,37.4903851374743
,서울특별시 관악구 봉천로13나길 27-16 305호(봉천동),126.93186251737,37.4903851374743
,서울특별시 관악구 봉천로13나길 27-16 401호(봉천동),126.93186251737,37.4903851374743
,서울특별시 관악구 봉천로13나길 27-16 402호(봉천동),126.93186251737,37.4903851374743
,서울특별시 관악구 봉천로13나길 67 (봉천동),126.933682291336,37.4904493336097
,"서울특별시 관악구 봉천로14길 17 (신림동, 도안스위트빌)",126.930416029315,37.4874933212536
,서울특별시 관악구 봉천로17가길 16-15 (봉천동),126.933415191654,37.4881744094861
,"서울특별시 관악구 봉천로17길 5-20 (봉천동, 조은집)",126.931705383469,37.4886018626737
,서울특별시 관악구 봉천로17길 53-2 (봉천동),126.933629127129,37.4898316631307
,서울특별시 관악구 봉천로19길 20 (봉천동),126.933772447407,37.4881041514804
,서울특별시 관악구 봉천로21길 11 (봉천동),126.93406069096,37.4874337826718
,"서울특별시 관악구 봉천로21길 27-3 (봉천동, 삼흥빌라3차)",126.9339400742,37.4880421658892
,서울특별시 관악구 봉천로21길 56 (봉천동),126.934330951075,37.4893470429459
,"서울특별시 관악구 봉천로21길 62 (봉천동, 신양아파트)",126.934377298291,37.489620344297
,"서울특별시 관악구 봉천로21나길 26 (봉천동, 동화빌라)",126.935579399094,37.4886851292532
,서울특별시 관악구 봉천로23길 12 (봉천동),126.935455692065,37.4869832381339
,서울특별시 관악구 봉천로23길 40 (봉천동),126.936139882399,37.48804130309
,"서울특별시 관악구 봉천로23길 40 (봉천동, 나무그늘빌)",126.936139882399,37.48804130309
,서울특별시 관악구 봉천로23길 67-2 (봉천동),126.936626783579,37.4894958817929
,서울특별시 관악구 봉천로23길 69 (봉천동),126.936632521596,37.4893960532291
,서울특별시 관악구 봉천로23길 79 (봉천동),126.937109435979,37.4894319879637
,서울특별시 관악구 봉천로23길 80 (봉천동),126.937146054727,37.4891825184413
,서울특별시 관악구 봉천로23나길 12-1 (봉천동),126.936087910769,37.4869310530619
,"서울특별시 관악구 봉천로23다길 13 (봉천동, 그린아파트)",126.936489112272,37.4876975766486
,"서울특별시 관악구 봉천로23다길 49-10 (봉천동, 수팰리스FT)",126.938632741679,37.4876629395225
,서울특별시 관악구 봉천로23다길 59-10 (봉천동),126.939372787099,37.4875283506155
,서울특별시 관악구 봉천로25길 13 (봉천동),126.937878657908,37.4859037777999
,서울특별시 관악구 봉천로25길 4 (봉천동),126.937900156377,37.4854752696135
,서울특별시 관악구 봉천로25길 4-9 1층 1호(봉천동),126.938257268539,37.4852839925271
,서울특별시 관악구 봉천로25길 4-9 1층 2호(봉천동),126.938257268539,37.4852839925271
,서울특별시 관악구 봉천로25길 4-9 2층 (봉천동),126.938257268539,37.4852839925271
,서울특별시 관악구 봉천로25길 4-9 B01호(봉천동),126.938257268539,37.4852839925271
,서울특별시 관악구 봉천로25길 4-9 B02호(봉천동),126.938257268539,37.4852839925271
,서울특별시 관악구 봉천로29길 38 (봉천동),126.941469216323,37.4852306658776
,서울특별시 관악구 봉천로31길 24-4 (봉천동),126.941124409815,37.4845920400706
,서울특별시 관악구 봉천로31길 25 (봉천동),126.940730858258,37.4844077672931
,서울특별시 관악구 봉천로33가길 36-6 (봉천동),126.945626679329,37.4841704535772
,서울특별시 관악구 봉천로35길 13 (봉천동),126.945020963198,37.4837388605158
,서울특별시 관악구 봉천로43길 16-8 (봉천동),126.949035758128,37.4839546500291
,서울특별시 관악구 봉천로49가길 13 (봉천동),126.951117910757,37.4826586180531
,"서울특별시 관악구 봉천로4길 19 (신림동, 브라운캐슬)",126.92412637022,37.4889328638225
,"서울특별시 관악구 봉천로4길 63 4층,5층,6층(6가구)(신림동)",126.924622984069,37.4870221442498
,"서울특별시 관악구 봉천로4길 64-5 (신림동, 파인빌)",126.924158874526,37.4869796800691
,서울특별시 관악구 봉천로4길 9 (신림동),126.923982362329,37.4893328186171
,"서울특별시 관악구 봉천로55길 11-5 (봉천동, 대영빌라)",126.955600312383,37.4817026151674
,"서울특별시 관악구 봉천로55길 9 (봉천동, 원하우스)",126.955601206604,37.4815289009941
,서울특별시 관악구 봉천로6길 35-7 (신림동),126.926130199109,37.4882938776547
,서울특별시 관악구 봉천로7길 30 (봉천동),126.926256305973,37.4907921800116
,"서울특별시 관악구 봉천로7길 38 (봉천동, 동방타운)",126.926105141496,37.4908889438473
,서울특별시 관악구 봉천로8길 17 (신림동),126.927066075906,37.4886630613481
,서울특별시 관악구 봉천로8길 42 (신림동),126.927131480984,37.487564773256
,서울특별시 관악구 서림3길 61-5 (신림동),126.9411890491,37.4720852520874
,서울특별시 관악구 서림길 42 (신림동),126.938140444072,37.4742061148192
,서울특별시 관악구 서원10길 23 (신림동),126.931118472615,37.4763565443084
,서울특별시 관악구 서원1길 6 (신림동),126.933126702075,37.477313308639
,서울특별시 관악구 서원1길 6 (신림동)(101호제외),126.933126702075,37.477313308639
,서울특별시 관악구 서원3길 35 (신림동),126.934667297036,37.4768065417809
,"서울특별시 관악구 서원3길 5 (신림동, 청운빌라)",126.933063212961,37.477132710396
,"서울특별시 관악구 서원4길 24 (신림동, 운산빌라)",126.931636500295,37.4777059266398
,서울특별시 관악구 서원5길 34 (신림동),126.934422884038,37.476276252362
,서울특별시 관악구 서원6길 13 (신림동),126.931806848555,37.4768648426722
,서울특별시 관악구 서원6길 15 (신림동),126.931690677278,37.4769352345107
,서울특별시 관악구 서원6길 2 (신림동),126.932492675796,37.4768234296559
,서울특별시 관악구 서원6길 3 (신림동),126.932291049552,37.4766279754249
,서울특별시 관악구 서원7길 12 (신림동),126.933085934987,37.4761206192515
,"서울특별시 관악구 서원7길 20 (신림동, 삼부빌라)",126.933636971626,37.4759776694909
,서울특별시 관악구 서원8길 16 (신림동),126.931723669563,37.476708379387
,서울특별시 관악구 서원8길 7 (신림동),126.932020122796,37.4763070604611
,"서울특별시 관악구 서원8길 7 (신림동, 동방주택)",126.932020122796,37.4763070604611
,서울특별시 관악구 서원8길 9 (신림동),126.931897871544,37.4763511395327
,서울특별시 관악구 서원길 36 (신림동),126.932347131166,37.4762443576761
,서울특별시 관악구 서원길 37-3 (신림동),126.932669067501,37.4761639012058
,서울특별시 관악구 서원길 37-5 (신림동),126.932776714235,37.4761419778631
,서울특별시 관악구 성림2길 11 (신림동),126.930913693387,37.4649752212953
,"서울특별시 관악구 성림3길 19 (신림동, 합동빌라)",126.930770321297,37.4653878906544
,"서울특별시 관악구 성현로 80 (봉천동, 관악드림타운)",126.952985510916,37.4898474387668
,"서울특별시 관악구 성현로 80 (봉천동, 관악드림타운아파트)",126.952985510916,37.4898474387668
,"서울특별시 관악구 솔밭로 2-7 (봉천동, 한양빌라)",126.962864316718,37.4778289801067
,서울특별시 관악구 솔밭로2길 16 (봉천동),126.963375607988,37.4777241720908
,"서울특별시 관악구 솔밭로2길 23 (봉천동, 한솔빌라)",126.964087344848,37.4778578300628
,서울특별시 관악구 솔밭로2길 24 (봉천동),126.963976125463,37.4775640671136
,"서울특별시 관악구 솔밭로5길 11-16 (봉천동, 블루빌)",126.962637047673,37.4792438535541
,"서울특별시 관악구 솔밭로5길 4 (봉천동, 수정빌라)",126.963449785273,37.4797875965169
,"서울특별시 관악구 승방10길 11-3 (남현동, 성호그린빌라)",126.977322665286,37.4724465826032
,"서울특별시 관악구 승방10길 17 (남현동, 편백나무 솔 타운)",126.977359420771,37.472772124671
,"서울특별시 관악구 승방10길 23 (남현동, 예능그린빌)",126.977341589487,37.4730459382679
,"서울특별시 관악구 승방10길 24 (남현동, 태평아트빌)",126.977620934157,37.4730439191804
,"서울특별시 관악구 승방10길 8 (남현동, 산마루빌)",126.977817628142,37.4726995000483
,서울특별시 관악구 승방1길 17 (남현동),126.981815377349,37.4731000512605
,"서울특별시 관악구 승방1길 19 (남현동, 한동빌라)",126.981878375485,37.4729766225365
,서울특별시 관악구 승방1길 24 (남현동),126.981713924276,37.4728332464696
,"서울특별시 관악구 승방1길 25 (남현동, 진주그린빌)",126.981945708621,37.4726895709723
,"서울특별시 관악구 승방1길 40 (남현동, 드림캐슬)",126.980952834196,37.4725705718396
,서울특별시 관악구 승방1길 90 (남현동),126.978482900459,37.4715790364697
,서울특별시 관악구 승방3가길 33 (남현동),126.979234171118,37.472534692395
,"서울특별시 관악구 승방3가길 68 (남현동, 삼원하이츠17차)",126.977986169867,37.4715893065935
,서울특별시 관악구 승방3가길 7 (남현동),126.980580211077,37.4730693104717
,"서울특별시 관악구 승방3나길 30 (남현동, 샌트앤아파트)",126.979559881811,37.4724658218971
,서울특별시 관악구 승방3나길 8 (남현동),126.980664917733,37.4729414710097
,"서울특별시 관악구 승방4길 2 (남현동, 네스코 수피아 아파트)",126.980847481514,37.4738671084986
,"서울특별시 관악구 승방4길 20 (남현동, 다청림 라인씨티)",126.980830787371,37.4746063845388
,"서울특별시 관악구 승방4길 20 (남현동, 다청림라인씨티)",126.980830787371,37.4746063845388
,서울특별시 관악구 승방4길 26 (남현동),126.980749113321,37.4748051340621
,"서울특별시 관악구 승방4길 26 (남현동, 화인오피스텔)",126.980749113321,37.4748051340621
,서울특별시 관악구 승방4길 5 (남현동),126.980534989185,37.4739499503635
,"서울특별시 관악구 승방6길 18 (남현동, 네스코승방)",126.980323716102,37.474312391721
,서울특별시 관악구 승방6길 21 (남현동),126.98005381045,37.474512370693
,"서울특별시 관악구 승방6길 26 (남현동, 사당아트오피스텔)",126.980298616627,37.4747513596135
,서울특별시 관악구 승방6길 27 (남현동),126.979976297303,37.4747862646191
,"서울특별시 관악구 승방6길 30 (남현동, 네스코시티)",126.980263874212,37.4748866855119
,"서울특별시 관악구 승방길 33 (남현동, 우리집)",126.980112685936,37.4733236779929
,서울특별시 관악구 승방길 36 (남현동),126.9798202844,37.4735310409603
,"서울특별시 관악구 승방길 86 (남현동, 해아름)",126.977680681006,37.4720919229958
,"서울특별시 관악구 승방길 89 (남현동, 삼원하이츠빌)",126.977873631336,37.4717825523129
,"서울특별시 관악구 시흥대로 558-1 (신림동, G 밸리마인드)",126.901969289183,37.4827842965972
,"서울특별시 관악구 시흥대로164길 18 (신림동, 문경재)",126.90223853295,37.4820599286716
,서울특별시 관악구 시흥대로164길 26-10 (신림동),126.902346361308,37.4816511401585
,"서울특별시 관악구 신림동1길 18 (신림동, 한신)",126.9282823156,37.486619058732
,"서울특별시 관악구 신림동1길 7 (신림동, 신림오피스텔)",126.928366070237,37.4871239442967
,"서울특별시 관악구 신림동2길 15-3 (신림동, 코코하우스)",126.927459658507,37.4879850250477
,"서울특별시 관악구 신림동2길 19 (신림동, J2 tower)",126.927557619085,37.4881770899075
,"서울특별시 관악구 신림동3길 14 (신림동, 동방아트빌)",126.927530456691,37.486681490304
,서울특별시 관악구 신림동5길 34 (신림동),126.927431732333,37.4857615004947
,서울특별시 관악구 신림동7길 33 (신림동),126.926662768786,37.4856327221284
,서울특별시 관악구 신림동9길 6 (신림동),126.924547163261,37.4864111223599
,서울특별시 관악구 신림동길 3-12 (신림동),126.928497010988,37.4868809316758
,서울특별시 관악구 신림동길 3-14 (신림동),126.928654637509,37.4868733683992
,서울특별시 관악구 신림로 189-1 (신림동),126.935523563173,37.4749755297898
,서울특별시 관악구 신림로 344 (신림동),126.929977240424,37.4851501707989
,서울특별시 관악구 신림로 78 (신림동),126.94097066315,37.4710511437185
,서울특별시 관악구 신림로11길 12 (신림동),126.938719714708,37.4699150849819
,서울특별시 관악구 신림로11길 123-8 (신림동),126.93991666809,37.4653444206277
,서울특별시 관악구 신림로11길 62-3 (신림동),126.938564363026,37.4676021096781
,서울특별시 관악구 신림로11길 89-22 (신림동),126.939895664061,37.4663066899298
,서울특별시 관악구 신림로18가길 28 (신림동),126.934936104898,37.4721533345046
,서울특별시 관악구 신림로18가길 46 (신림동),126.934221007594,37.4726213737873
,"서울특별시 관악구 신림로18가길 46 (신림동, 아카데미하우스)",126.934221007594,37.4726213737873
,"서울특별시 관악구 신림로23길 103 (신림동, 신림현대맨션)",126.934310756731,37.4660457578255
,서울특별시 관악구 신림로23길 16 (신림동),126.934476782389,37.4704811658789
,"서울특별시 관악구 신림로28길 3 (신림동, 벨유어블)",126.935404226654,37.4737395493367
,서울특별시 관악구 신림로29길 3-20 (신림동),126.933804917074,37.4746265193834
,"서울특별시 관악구 신림로29길 8 (신림동, 신림현대아파트)",126.932811143723,37.4755685048005
,서울특별시 관악구 신림로30길 9 (신림동),126.935906777581,37.4738209138982
,"서울특별시 관악구 신림로31가길 19 (신림동, 동문아파트)",126.935802205255,37.4763332328224
,"서울특별시 관악구 신림로31가길 5 (신림동, 다인캐슬 B동)",126.935886536737,37.4758117742338
,서울특별시 관악구 신림로38길 25 (신림동),126.938343405216,37.4770533214974
,"서울특별시 관악구 신림로3가길 19 (신림동, 신림맨션)",126.943804278503,37.4686285364034
,서울특별시 관악구 신림로3가길 40-13 (신림동),126.94231593019,37.4695541483622
,"서울특별시 관악구 신림로3가길 7 (신림동, 신림2차금호타운)",126.944342536615,37.4682378425488
,"서울특별시 관악구 신림로3가길 7 (신림동, 신림2차금호타운아파트)",126.944342536615,37.4682378425488
,"서울특별시 관악구 신림로3길 40 (신림동, 건영아파트)",126.941886248025,37.4667834195006
,서울특별시 관악구 신림로44가길 26 (신림동),126.935522760433,37.4778838080738
,서울특별시 관악구 신림로44나길 14 (신림동),126.935345471437,37.4781657271176
,"서울특별시 관악구 신림로48길 40-7 (신림동, 호선빌라)",126.934451450793,37.479035519361
,서울특별시 관악구 신림로48길 42 (신림동),126.934453202439,37.4793599737283
,서울특별시 관악구 신림로50길 16 (신림동),126.93238416707,37.4796830809854
,"서울특별시 관악구 신림로50길 17-10 (신림동, 월드빌)",126.931720335058,37.4800005752228
,서울특별시 관악구 신림로50길 18 5층 (신림동),126.932414911731,37.4798168083196
,"서울특별시 관악구 신림로53길 16-3 (신림동, 동부빌라)",126.929426530631,37.4794571803621
,서울특별시 관악구 신림로54가길 25 (신림동),126.931961269418,37.4806188964634
,"서울특별시 관악구 신림로54가길 9 (신림동, 상은빌라)",126.931065833706,37.4808622805445
,"서울특별시 관악구 신림로54길 29 (신림동, 송광빌라)",126.9319443982,37.4802727191088
,"서울특별시 관악구 신림로56길 11 (신림동, 정림홈스텔)",126.930767015725,37.4813507229229
,서울특별시 관악구 신림로56길 16-3 (신림동),126.931158058291,37.4811447104915
,서울특별시 관악구 신림로56길 19-6 (신림동),126.931275898283,37.4814820266909
,"서울특별시 관악구 신림로56길 19-7 (신림동, 진우빌라)",126.931037806265,37.4815877564953
,서울특별시 관악구 신림로56길 23-5 (신림동),126.931412765111,37.4814139899559
,서울특별시 관악구 신림로58가길 18 (신림동),126.931352744516,37.4817682317478
,"서울특별시 관악구 신림로58길 42-4 (신림동, 어반팰리스)",126.932078470109,37.4821651851053
,"서울특별시 관악구 신림로58길 43 (신림동, 힐 플레이스)",126.932265360666,37.4825432655266
,"서울특별시 관악구 신림로58길 62-5 (신림동, 신안아파트)",126.933667358805,37.4822723167416
,"서울특별시 관악구 신림로64길 46 (신림동, 휴드림)",126.932234322985,37.4851115722687
,서울특별시 관악구 신림로65길 15-8 (신림동),126.928647475226,37.4847742854792
,"서울특별시 관악구 신림로65길 16-5 (신림동, 블루라군)",126.928458538407,37.4853697376621
,"서울특별시 관악구 신림로65길 22-8 (신림동, 블루밍하우스)",126.928330457314,37.4853441615055
,"서울특별시 관악구 신림로65길 27 (신림동, 프라비다트라움)",126.928081647142,37.4848187225214
,"서울특별시 관악구 신림로65길 37 (신림동, 대성빌라)",126.927367354801,37.4847535030732
,"서울특별시 관악구 신림로66길 27-6 (신림동, 일육삼빌라)",126.931222261598,37.4858486428486
,"서울특별시 관악구 신림로66길 42 (신림동, 신림큐브)",126.932047114645,37.4855768354806
,"서울특별시 관악구 신림로66길 55 (신림동, 태한하이빌)",126.93276972119,37.4859666645942
,서울특별시 관악구 신림로66길 57 (신림동),126.932873613141,37.4859867260465
,"서울특별시 관악구 신림로68길 42 (신림동, 씨엘블루)",126.931610075404,37.4863561355211
,서울특별시 관악구 신림로70길 29-3 (신림동),126.930626787997,37.4877434748721
,"서울특별시 관악구 신림로70길 29-3 (신림동, 라온)",126.930626787997,37.4877434748721
,"서울특별시 관악구 신림로71길 10 (신림동, 부명빌딩)",126.927687349043,37.4884909903711
,"서울특별시 관악구 신림로71길 34-4 (신림동, 장원빌라)",126.92648664446,37.4883658201966
,"서울특별시 관악구 신림로71길 45 (신림동, 대양타운)",126.925874558979,37.4879348461555
,"서울특별시 관악구 신사로 82 (신림동, 아데나534)",126.91187333093,37.4857624528112
,서울특별시 관악구 신사로12길 10-5 (신림동),126.915213899811,37.4872886819187
,서울특별시 관악구 신사로12길 38 (신림동),126.916679897011,37.4876606697816
,서울특별시 관악구 신사로14길 38 (신림동),126.916535270934,37.4869567003927
,서울특별시 관악구 신사로14길 65 (신림동),126.917112698363,37.4857473235089
,"서울특별시 관악구 신사로16길 25 (신림동, 다연행복)",126.916856607652,37.4876780936199
,서울특별시 관악구 신사로26길 38-14 (신림동),126.918415231124,37.4873177859662
,"서울특별시 관악구 신원로 26 (신림동, 신림동부아파트)",126.928270805228,37.4811549763764
,서울특별시 관악구 신원로 35 (신림동),126.929023376476,37.4823122359729
,"서울특별시 관악구 신원로 35 (신림동, 삼모 더 프라임 타워)",126.929023376476,37.4823122359729
,서울특별시 관악구 신원로 6-1 (신림동),126.928096592593,37.4799597722644
,"서울특별시 관악구 신원로1길 18-5 (신림동, 블리스대현)",126.926715338207,37.4803150924695
,서울특별시 관악구 신원로3길 25-18 (신림동),126.926534903667,37.4814606131757
,"서울특별시 관악구 신원로3길 26-3 (신림동, 하나)",126.927112758591,37.4822786364623
,서울특별시 관악구 신원로3길 30 (신림동),126.927024298144,37.4822089338899
,서울특별시 관악구 신원로3길 40-4 (신림동),126.926717662092,37.4825662643235
,서울특별시 관악구 신원로3길 59-6 (신림동),126.925320920121,37.4829782318758
,서울특별시 관악구 신원로4길 28 (신림동),126.928913047085,37.4801429008228
,서울특별시 관악구 신원로5길 45 (신림동),126.926539982432,37.4828556480413
,서울특별시 관악구 쑥고개로 101-4 (봉천동),126.948000639584,37.4793931120932
,서울특별시 관악구 쑥고개로 123 (봉천동),126.95037737264,37.4791975339651
,"서울특별시 관악구 쑥고개로 123 (봉천동, 서울대입구 한양아이클래스)",126.95037737264,37.4791975339651
,서울특별시 관악구 쑥고개로 125 (봉천동),126.950599635489,37.4790404910916
,"서울특별시 관악구 쑥고개로 125 (봉천동, PRAVIDA 162)",126.950599635489,37.4790404910916
,서울특별시 관악구 쑥고개로 18 (신림동),126.939179585358,37.4777196909549
,서울특별시 관악구 쑥고개로 50 (봉천동),126.942143150236,37.4794439090037
,서울특별시 관악구 쑥고개로 67-3 (봉천동),126.944068278841,37.4797923552157
,서울특별시 관악구 쑥고개로 77-1 (봉천동),126.945206723534,37.4795661046473
,서울특별시 관악구 쑥고개로1가길 18 (신림동),126.937365369252,37.4779979659777
,"서울특별시 관악구 쑥고개로21길 20 (봉천동, 서진빌라트)",126.948489318682,37.4799935784328
,"서울특별시 관악구 쑥고개로21길 26 (봉천동, 동도 오피스텔)",126.948402537672,37.4802516796663
,서울특별시 관악구 쑥고개로26길 28 (봉천동),126.949447339973,37.4777100238162
,서울특별시 관악구 쑥고개로2나길 13 (신림동),126.939400859573,37.4768504206125
,서울특별시 관악구 쑥고개로2다길 18 (신림동),126.940337284327,37.4762909197075
,"서울특별시 관악구 쑥고개로2다길 26 (신림동, 하늘정원빌)",126.940675690845,37.4763880387316
,서울특별시 관악구 쑥고개로30길 24 (봉천동),126.950213615535,37.4777372893591
,"서울특별시 관악구 양녕로 5 (봉천동, KS타워)",126.946184167543,37.4824907783417
,"서울특별시 관악구 양녕로16길 50 (봉천동, 가든빌라)",,
,서울특별시 관악구 양녕로1가길 7-6 (봉천동),126.94566810027,37.4839606277627
,서울특별시 관악구 양녕로1길 30-4 (봉천동),126.944904214362,37.483828276275
,"서울특별시 관악구 양녕로1길 31 (봉천동, 백촌빌라)",126.94469810608,37.4835084120618
,서울특별시 관악구 양녕로2가길 10-3 (봉천동),126.9474342269,37.4838969145157
,서울특별시 관악구 양녕로2길 30 (봉천동),126.948287683276,37.4831837824731
,서울특별시 관악구 양녕로2길 32 (봉천동),126.948454573066,37.4831736740022
,서울특별시 관악구 양녕로2길 37 (봉천동),126.948668049034,37.4833233343682
,서울특별시 관악구 양녕로6가길 43 (봉천동),126.948977084665,37.4857724991457
,"서울특별시 관악구 양녕로6길 24 (봉천동, 광성주택)",126.948103946253,37.4845025080528
,"서울특별시 관악구 양녕로6길 89 (봉천동, 한솔아트빌)",126.951427649122,37.4836176892663
,"서울특별시 관악구 양녕로6나길 18 (봉천동, 신봉아파트)",126.948927711902,37.4845539541879
,서울특별시 관악구 양녕로6다길 13-3 (봉천동),126.949880344073,37.4846507700372
,"서울특별시 관악구 양녕로6다길 25-1 (봉천동, 삼화주택)",126.950535967082,37.4845542780356
,서울특별시 관악구 양녕로6다길 30 (봉천동),126.950836719694,37.4842149936904
,"서울특별시 관악구 양녕로6다길 48 (봉천동, 한양아트빌라)",126.951873909178,37.4841576660793
,서울특별시 관악구 양산2길 17-3 (신림동),126.930759273119,37.4745477375805
,"서울특별시 관악구 양지11길 6 (신림동, 신림빌라)",126.928443698236,37.4695108821865
,서울특별시 관악구 양지13길 28 (신림동),126.929575316845,37.468130312603
,서울특별시 관악구 양지13길 30 (신림동),126.929615980264,37.4680433892855
,서울특별시 관악구 양지13길 42-2 (신림동),126.930228546831,37.4675622523493
,서울특별시 관악구 양지15길 10 (신림동),126.930108010481,37.4689354116847
,"서울특별시 관악구 양지1길 2-12 (신림동, 상지연립)",126.931525496591,37.4707476332276
,서울특별시 관악구 양지5길 9 (신림동),126.930777324824,37.4717679519288
,서울특별시 관악구 양지7길 42 (신림동),126.929939934033,37.4696426956099
,서울특별시 관악구 양지7길 44 (신림동),126.929960053666,37.469523864239
,"서울특별시 관악구 양지길 50-5 (신림동, 관악우정하이비젼아파트1단지)",126.929078207674,37.4714301466898
,서울특별시 관악구 원신3길 8 (신림동),126.932041492038,37.4691876511406
,서울특별시 관악구 원신5길 20 (신림동),126.931797760144,37.4684530067738
,"서울특별시 관악구 원신9길 9 (신림동, 우일그린빌라)",126.929630597824,37.4608899983439
,서울특별시 관악구 원신길 240 (신림동),126.930451571973,37.4628076572275
,"서울특별시 관악구 원신길 268 (신림동, 해바라기주택)",126.930192376301,37.4617238576048
,서울특별시 관악구 은천로 11-18 ,126.937580022294,37.4866098305409
,서울특별시 관악구 은천로 159 (봉천동),126.95311159156,37.4864057289393
,"서울특별시 관악구 은천로 61 (봉천동, 은천누리에뜰)",126.942234896881,37.486420373502
,서울특별시 관악구 은천로 66-5 (봉천동),126.942756623098,37.4859427327268
,서울특별시 관악구 은천로 86 (봉천동),126.944424787553,37.4855481667887
,"서울특별시 관악구 은천로 93 (봉천동, 벽산블루밍)",126.945428874003,37.4873527233282
,"서울특별시 관악구 은천로 93 (봉천동, 벽산블루밍아파트)",126.945428874003,37.4873527233282
,"서울특별시 관악구 은천로15길 16 (봉천동, 관악 청광플러스원 아파트)",126.944322562468,37.4873923020041
,"서울특별시 관악구 은천로15길 16 (봉천동, 관악청광플러스원아파트)",126.944322562468,37.4873923020041
,"서울특별시 관악구 은천로15길 17 (봉천동, 엔젤타운6차)",126.943909110755,37.4874800448128
,"서울특별시 관악구 은천로19길 29 (봉천동, 홍남빌라)",126.946869856618,37.4881345539689
,"서울특별시 관악구 은천로19길 43 (봉천동, 현대연립)",126.947125119007,37.488531382223
,서울특별시 관악구 은천로21길 13-6 (봉천동),126.947385896887,37.4876780640131
,서울특별시 관악구 은천로21길 26 (봉천동),126.948066017596,37.4880069625106
,"서울특별시 관악구 은천로23길 34-10 (봉천동, 삼일맨션)",126.94914288755,37.4882080854166
,"서울특별시 관악구 은천로25길 37 (봉천동, 수광하이츠빌라)",126.949625344457,37.4884071445369
,서울특별시 관악구 은천로28가길 54 (봉천동),126.953581976251,37.4845504683533
,서울특별시 관악구 은천로30길 7 (봉천동),126.951832023925,37.4859981387142
,"서울특별시 관악구 은천로33길 5 (봉천동, 관악동부센트레빌아파트)",126.950155935997,37.4873001209776
,서울특별시 관악구 은천로35길 43 (봉천동),126.953801723377,37.4881265656807
,서울특별시 관악구 은천로35다길 26-4 (봉천동),126.952773895354,37.4875975379646
,"서울특별시 관악구 은천로35다길 26-4 (봉천동, 더빌)",126.952773895354,37.4875975379646
,서울특별시 관악구 은천로35다길 43 (봉천동),126.952335477079,37.4880201148147
,"서울특별시 관악구 은천로35라길 22 (봉천동, 성현빌)",126.952818421318,37.4881750117162
,서울특별시 관악구 은천로35마길 14 (봉천동),126.953149568586,37.4886011399945
,"서울특별시 관악구 은천로35바길 7 (봉천동, 비건하우스2)",126.954323812163,37.4884377064849
,서울특별시 관악구 은천로36길 22 (봉천동),126.953481598514,37.4850569757812
,서울특별시 관악구 은천로37길 34-3 (봉천동),126.954956641928,37.4875547815162
,서울특별시 관악구 은천로5길 39 (봉천동),126.938317208338,37.4880173217958
,서울특별시 관악구 은천로5길 8-13 (봉천동),126.938878370251,37.4866443872562
,서울특별시 관악구 은천로9길 37 (봉천동),126.940319197392,37.4873765621407
,"서울특별시 관악구 인헌11길 10 (봉천동, 아이빌)",126.96725700549,37.4723795295845
,서울특별시 관악구 인헌11길 5 102호 (봉천동),126.967010419463,37.472444063437
,서울특별시 관악구 인헌12가길 11 (봉천동),126.966811880639,37.4714810079543
,서울특별시 관악구 인헌12가길 14 (봉천동),126.966611337266,37.4712238030717
,"서울특별시 관악구 인헌12가길 14 (봉천동, B동)",126.966611337266,37.4712238030717
,"서울특별시 관악구 인헌12가길 15 (봉천동, 빛고을 하우스)",126.966895136399,37.4713598454023
,서울특별시 관악구 인헌12가길 25 (봉천동),126.967198432184,37.470860409761
,"서울특별시 관악구 인헌12가길 30 (봉천동, 신원빌리지)",126.967111377347,37.4706244108975
,"서울특별시 관악구 인헌12길 21 (봉천동, 로제하우스(4차))",126.965873302961,37.4713742411777
,"서울특별시 관악구 인헌12길 26 (봉천동, 미리내)",126.965555247743,37.4714951545964
,서울특별시 관악구 인헌12길 32 (봉천동),126.965322065119,37.4711798228321
,서울특별시 관악구 인헌12길 4-1 (봉천동),126.96639037632,37.4721343916566
,"서울특별시 관악구 인헌12길 46-1 (봉천동, 은천아파트)",126.964563994137,37.4706654813214
,서울특별시 관악구 인헌12길 46-1 은천아파트,126.964977323064,37.4705906404706
,"서울특별시 관악구 인헌12길 46-2 (봉천동, 은천아파트 102동)",126.965275037928,37.4716685170903
,"서울특별시 관악구 인헌12길 46-2 101동 1001호(봉천동, 은천아파트)",126.965275037928,37.4716685170903
,"서울특별시 관악구 인헌12길 57 (봉천동, 까사엘라)",126.965326509547,37.4701237496478
,"서울특별시 관악구 인헌12나길 9 (봉천동, 로제하우스)",126.966404775786,37.4712818597008
,서울특별시 관악구 인헌12다길 22 (봉천동),126.965479539474,37.4704401392835
,서울특별시 관악구 인헌12다길 28 (봉천동),126.965514576152,37.4702099413004
,서울특별시 관악구 인헌13길 16 (봉천동),126.967779362289,37.4722046068691
,서울특별시 관악구 인헌13길 18-9 (봉천동),126.968104577484,37.4719929576675
,서울특별시 관악구 인헌13길 22-7 (봉천동),126.968384662288,37.4721037671115
,"서울특별시 관악구 인헌13길 49 (봉천동, 더바움)",126.969042784786,37.4716537064713
,"서울특별시 관악구 인헌13길 5 (봉천동, 진하우스)",126.967202618292,37.4721462429274
,서울특별시 관악구 인헌14길 23 (봉천동),126.966371017192,37.4706828583034
,서울특별시 관악구 인헌14길 29 (봉천동),126.966210367025,37.4704597222535
,서울특별시 관악구 인헌14길 32 (봉천동),126.965956754538,37.4703258493845
,서울특별시 관악구 인헌14길 33 (봉천동),126.966202621476,37.4703385341113
,서울특별시 관악구 인헌14길 37 (봉천동),126.966237542319,37.4701095071902
,"서울특별시 관악구 인헌14길 41 (봉천동, 선린빌라)",126.966253876104,37.4699863436982
,서울특별시 관악구 인헌15길 16 (봉천동),126.968266700183,37.4714280677875
,"서울특별시 관악구 인헌15길 19 (봉천동, 부흥빌라)",126.968456968071,37.4716720222573
,서울특별시 관악구 인헌15길 22-8 (봉천동),126.968712284627,37.471265013614
,서울특별시 관악구 인헌16가길 16 (봉천동),126.967757002266,37.4695182378349
,"서울특별시 관악구 인헌16가길 41 (봉천동, 정다운빌라)",126.968635734259,37.4686025067395
,서울특별시 관악구 인헌16가길 6 (봉천동),126.967472507118,37.4699574025879
,"서울특별시 관악구 인헌16길 23 (봉천동, 삼원맨숀)",126.966850300189,37.4697260303299
,서울특별시 관악구 인헌16길 40 (봉천동),126.965864007784,37.4696898892975
,"서울특별시 관악구 인헌16나길 12 (봉천동, 로제하우스)",126.966083144274,37.4690625786022
,서울특별시 관악구 인헌16나길 14 (봉천동),126.966174399554,37.4689969210709
,서울특별시 관악구 인헌16나길 16 (봉천동),126.966280472183,37.468911445459
,"서울특별시 관악구 인헌16다길 14 (봉천동, 반석푸른숲)",126.96622912508,37.4682146790737
,"서울특별시 관악구 인헌16다길 41 (봉천동, 태양빌라)",126.966923356021,37.4681199088828
,서울특별시 관악구 인헌16다길 7 (봉천동),126.965727240262,37.4691604157873
,서울특별시 관악구 인헌17길 32 (봉천동),126.969572017141,37.4709483527314
,"서울특별시 관악구 인헌17길 6 (봉천동, 청운빌라)",126.968276152718,37.4704607454186
,"서울특별시 관악구 인헌19길 11 (봉천동, 봉천빌라)",126.968629550225,37.4704164199439
,서울특별시 관악구 인헌1가길 38 (봉천동),126.968597972305,37.4729401417439
,서울특별시 관악구 인헌1가길 38-4 (봉천동),126.968450095433,37.472961546396
,"서울특별시 관악구 인헌1길 28-8 (봉천동, 청아 하이츠)",126.968224398265,37.4744186895724
,"서울특별시 관악구 인헌1길 40 (봉천동, 대원맨션)",126.969099732653,37.4744672158596
,서울특별시 관악구 인헌1길 55 (봉천동),126.969916642465,37.4747434961228
,"서울특별시 관악구 인헌1길 59 (봉천동, 세진아파트)",126.970277263352,37.4747777356629
,서울특별시 관악구 인헌1나길 24-13 (봉천동),126.97042849303,37.4728538467458
,"서울특별시 관악구 인헌1다길 22 (봉천동, 리치홈)",126.97016055732,37.4737328049167
,서울특별시 관악구 인헌1다길 27-5 (봉천동),126.970763052807,37.4735996060315
,"서울특별시 관악구 인헌1다길 33-4 (봉천동, 삼원빌라)",126.970823608051,37.4731194726806
,서울특별시 관악구 인헌1다길 33-7 (봉천동),126.970962006675,37.4733431375014
,서울특별시 관악구 인헌1다길 36 (봉천동),126.970451333341,37.4731296516891
,"서울특별시 관악구 인헌1다길 38 (봉천동, 담은빌)",126.970502370399,37.4729975763436
,"서울특별시 관악구 인헌1다길 39 (봉천동, 현대빌라)",126.970771326247,37.4729655672147
,서울특별시 관악구 인헌1다길 8 (봉천동),126.970022086016,37.4742613924748
,"서울특별시 관악구 인헌1다길 8 (봉천동, 다온하우스)",126.970022086016,37.4742613924748
,서울특별시 관악구 인헌21길 16 (봉천동),126.969124970524,37.4700030766439
,"서울특별시 관악구 인헌21길 18 (봉천동, 로제하우스)",126.969277011996,37.4700110451664
,서울특별시 관악구 인헌21길 19 (봉천동),126.969328684325,37.4702607286431
,서울특별시 관악구 인헌21길 21 (봉천동),126.969406551473,37.4703115658287
,서울특별시 관악구 인헌21길 34 (봉천동),126.970076105968,37.470337416085
,서울특별시 관악구 인헌23길 12 (봉천동),126.969183944022,37.469539251723
,"서울특별시 관악구 인헌23길 26 (봉천동, 영진빌라)",126.969981332294,37.4698771557998
,"서울특별시 관악구 인헌23길 29 (봉천동, 산장쉐르빌1차)",126.970011420037,37.4701151203601
,"서울특별시 관악구 인헌23길 30 (봉천동, 월드빌)",126.970131440378,37.4699139550741
,서울특별시 관악구 인헌3가길 13-3 (봉천동),126.967664415272,37.4737268322386
,서울특별시 관악구 인헌3길 51 (봉천동),126.96965888679,37.4741795781614
,서울특별시 관악구 인헌3길 54 (봉천동),126.969852392448,37.4739905957812
,서울특별시 관악구 인헌3나길 10 (봉천동),126.968014769027,37.4736992665852
,"서울특별시 관악구 인헌3나길 26 (봉천동, 마이바움봉천)",126.967952577739,37.472937265435
,서울특별시 관악구 인헌9길 11-6 (봉천동),126.9673955654,37.4729850467958
,"서울특별시 관악구 인헌9길 11-7 (봉천동, 무지개빌라)",126.967038290755,37.4730764002095
,"서울특별시 관악구 인헌길 151-9 (봉천동, 로제하우스)",126.969153611609,37.4693534553895
,서울특별시 관악구 인헌길 161-14 (봉천동),126.969694704063,37.4689084960574
,"서울특별시 관악구 인헌길 161-14 (봉천동, 아르떼빌)",126.969694704063,37.4689084960574
,"서울특별시 관악구 인헌길 169-21 (봉천동, 성원빌라)",126.969812580117,37.4689770030532
,서울특별시 관악구 인헌길 22 (봉천동),126.966743674763,37.4746302897493
,"서울특별시 관악구 인헌길 48 (봉천동, 로제하우스)",126.966424818308,37.4734819523668
,서울특별시 관악구 인헌길 50 (봉천동),126.966566991612,37.4733250367108
,"서울특별시 관악구 인헌길 50 (봉천동, 로제하우스)",126.966566991612,37.4733250367108
,서울특별시 관악구 인헌길 52 (봉천동),126.966566020403,37.4732212400642
,서울특별시 관악구 인헌길 68 (봉천동),126.966353193028,37.4723656704257
,"서울특별시 관악구 인헌길 88 (봉천동, 뜰에봄)",126.96694350881,37.4716425960216
,"서울특별시 관악구 인헌길 93 (봉천동, 진주빌라)",126.967357997393,37.4715075596834
,서울특별시 관악구 장군봉2길 15-5 (봉천동),126.939404279489,37.4824158655238
,"서울특별시 관악구 장군봉2길 29 (봉천동, 팰리스)",126.938631469511,37.4828595738122
,서울특별시 관악구 장군봉2길 41-7 (봉천동),126.937942264992,37.482820650657
,서울특별시 관악구 장군봉3길 32-6 (봉천동),126.941417075543,37.4809077810174
,서울특별시 관악구 장군봉4길 22-4 (봉천동),126.938995479543,37.4823713255311
,서울특별시 관악구 장군봉4길 36 (봉천동),126.938097983527,37.4826474683846
,서울특별시 관악구 장군봉5길 13 (봉천동),,
,서울특별시 관악구 장군봉5길 58-4 (봉천동),126.941096833395,37.4795361058631
,"서울특별시 관악구 장군봉7길 20 (봉천동, 그랑빌)",126.940253333545,37.4803484826241
,서울특별시 관악구 장군봉9길 19 (봉천동),126.939542080351,37.4801992741378
,서울특별시 관악구 장군봉길 65 (봉천동),126.938986082055,37.4800238321773
,"서울특별시 관악구 장군봉길 65 (봉천동, 힐링하우스)",126.938986082055,37.4800238321773
,서울특별시 관악구 조원로 108 (신림동),126.914365335105,37.4847869618129
,서울특별시 관악구 조원로 138 (신림동),126.917635299493,37.4853350272791
,"서울특별시 관악구 조원로 159-1 (신림동, 현아트빌)",126.919994646615,37.4861072806966
,서울특별시 관악구 조원로 178 (신림동),126.921930351366,37.4861365969763
,"서울특별시 관악구 조원로 25 (신림동, 강남아파트)",126.905433298638,37.483708310871
,"서울특별시 관악구 조원로 62-1 (신림동, 조원)",126.909377202363,37.4835462468877
,"서울특별시 관악구 조원로 86-8 (신림동, 장원빌)",126.912202256341,37.4841111497562
,서울특별시 관악구 조원로 91 (신림동),126.912299937845,37.4846976885627
,"서울특별시 관악구 조원로10길 45 (신림동, 광신빌딩)",126.904889682443,37.4816564584794
,서울특별시 관악구 조원로10길 53 (신림동),126.904649372339,37.4814316433417
,서울특별시 관악구 조원로10길 71 (신림동),126.903994901508,37.4807796840867
,서울특별시 관악구 조원로12길 52 (신림동),126.90665929804,37.4818621283782
,서울특별시 관악구 조원로12길 5-3 (신림동),126.908647980268,37.4833229560502
,서울특별시 관악구 조원로12길 7 (신림동),126.908419874504,37.4832752062207
,서울특별시 관악구 조원로15길 27 (신림동),126.90957085662,37.4851623535135
,서울특별시 관악구 조원로16가길 35 (신림동),126.912669506731,37.4828911703057
,서울특별시 관악구 조원로19길 8-7 (신림동),126.912128927433,37.4850332771424
,서울특별시 관악구 조원로20길 29 (신림동),126.913580904973,37.4837824872502
,서울특별시 관악구 조원로20길 31 (신림동),126.913697570584,37.4837977995665
,"서울특별시 관악구 조원로21길 16 (신림동, 행복 리치빌)",126.912483672105,37.4853752027207
,서울특별시 관악구 조원로22길 7 (신림동),126.913458444585,37.4843800364143
,"서울특별시 관악구 조원로23길 5 (신림동, 부성빌라)",126.913032012817,37.4850168261885
,"서울특별시 관악구 조원로2길 13 (신림동, 미성아파트)",126.90291924339,37.4827892255973
,"서울특별시 관악구 조원로2길 27 (신림동, 은석하우스)",126.902379783548,37.4823802638821
,서울특별시 관악구 조원로31길 20 (신림동),126.919627428556,37.4868190980531
,"서울특별시 관악구 조원로6길 45 (신림동, 신림하마3차빌라)",,
,서울특별시 관악구 조원로8길 6 (신림동),126.905403700478,37.483060822581
,서울특별시 관악구 조원중앙로 16 (신림동),126.905221193658,37.4810190810476
,"서울특별시 관악구 조원중앙로 53 (신림동, 익수빌딩)",126.907539513769,37.4839511778148
,서울특별시 관악구 조원중앙로 70-2 (신림동),126.90913272762,37.4847835939516
,서울특별시 관악구 조원중앙로2길 11 (신림동),126.905427160484,37.4809533823511
,"서울특별시 관악구 중앙1가길 19 (봉천동, 도원아트빌)",126.952872047409,37.4829071982458
,"서울특별시 관악구 중앙1길 63-7 (봉천동, 일광)",126.950531991632,37.4850962328985
,서울특별시 관악구 중앙1나길 9 (봉천동),126.953174971818,37.4834084596828
,"서울특별시 관악구 중앙길 104 (봉천동, 동부파크빌)",126.949712350539,37.4861342988688
,"서울특별시 관악구 중앙길 28-12 (봉천동, 금강팰리스)",126.953574032842,37.484414232759
,서울특별시 관악구 중앙길 28-7 (봉천동),126.953343223665,37.484298722658
,"서울특별시 관악구 중앙길 41 (봉천동, 노블캐슬)",126.952403479998,37.4843816911015
,"서울특별시 관악구 참숯1길 19 (봉천동, e편한세상 서울대입구2차)",126.94238244228,37.477304218918
,서울특별시 관악구 참숯1길 6-3 (봉천동),126.941894980091,37.4791602396366
,서울특별시 관악구 참숯1길 6-4 (봉천동),126.941978038471,37.4792111874718
,서울특별시 관악구 청룡13길 9 (봉천동),126.946079160939,37.4772579399262
,서울특별시 관악구 청룡1길 16 (봉천동),126.947068620437,37.4811058768397
,서울특별시 관악구 청룡1길 27 (봉천동),126.947884160742,37.4812249022509
,"서울특별시 관악구 청룡2길 35-5 (봉천동, 트윈스빌B)",126.944159050085,37.4811802223082
,서울특별시 관악구 청룡3길 41 (봉천동),126.948517659689,37.4807065592343
,서울특별시 관악구 청룡4길 36 (봉천동),126.944142059671,37.4810702911913
,서울특별시 관악구 청룡4길 6 (봉천동),126.945823164192,37.4809144786353
,서울특별시 관악구 청룡5길 21 (봉천동),126.947145645375,37.4800997545805
,"서울특별시 관악구 청룡7길 28 (봉천동, CJ아트빌)",126.94770799598,37.4796243620927
,"서울특별시 관악구 청룡7길 29 (봉천동, CJ오피스텔)",126.947688389942,37.4798537503372
,"서울특별시 관악구 청룡7길 55 (봉천동, 선경아파트)",126.949105395518,37.4798034621874
,서울특별시 관악구 청룡8길 28 2층 202호 (봉천동),126.944492246209,37.4801040339904
,"서울특별시 관악구 청룡8길 33 (봉천동, 원하우스)",126.944094929732,37.4799858144799
,"서울특별시 관악구 청룡길 100 (봉천동, 샤인빌)",126.945374058884,37.4773802434425
,서울특별시 관악구 청룡길 16 (봉천동),126.946053341823,37.4810915421072
,서울특별시 관악구 청룡길 31 (봉천동),126.946182754413,37.4803624145655
,서울특별시 관악구 청룡길 48 (봉천동),126.945794011314,37.4796390869742
,"서울특별시 관악구 청룡길 78 (봉천동, 서울대입구아이원아파트)",126.945373832508,37.4783125177698
,"서울특별시 관악구 청룡중앙길 41 (봉천동, 명성빌)",126.947183113669,37.4773042098368
,"서울특별시 관악구 청룡중앙길 49 (봉천동, 정담은빌B)",126.947084261115,37.4768829436539
,서울특별시 관악구 청림1길 6 (봉천동),126.958761033983,37.4887702788013
,"서울특별시 관악구 청림2길 31-1 (봉천동, 성지원룸)",126.958553357751,37.4870636971441
,"서울특별시 관악구 청림2길 31-10 (봉천동, 브니엘하우스)",126.958958647873,37.4869780626607
,서울특별시 관악구 청림2길 31-9 (봉천동),126.958891151041,37.4871735579397
,"서울특별시 관악구 청림2길 31-9 (봉천동, 스카이빌)",126.958891151041,37.4871735579397
,"서울특별시 관악구 청림3길 10 (봉천동, 서희스타힐즈)",126.95950602146,37.4886505222551
,"서울특별시 관악구 청림3다길 19 (봉천동, 쟈스민빌라)",126.957651972435,37.4902515034785
,"서울특별시 관악구 청림3다길 21 (봉천동, 쟈스민빌라)",126.957526666732,37.4902845254738
,서울특별시 관악구 청림3라길 16 (봉천동),126.959470921208,37.4904132416199
,서울특별시 관악구 청림3라길 9-5 (봉천동),126.959014273038,37.4907129393829
,서울특별시 관악구 청림길 16-1 (봉천동),126.959708934941,37.4881151226674
,"서울특별시 관악구 행운10길 14 (봉천동, 예다움빌)",126.961665955456,37.4819666621028
,서울특별시 관악구 행운1길 64 (봉천동),126.956683626038,37.4815876881562
,서울특별시 관악구 행운1나길 25 (봉천동),126.954743775078,37.4820433220312
,서울특별시 관악구 행운1다길 18 (봉천동),126.956812387515,37.482008326219
,"서울특별시 관악구 행운1라길 14 (봉천동, 현대아트빌라)",126.956979033018,37.4830093176166
,서울특별시 관악구 행운1라길 6 ,126.956524896205,37.4831332202753
,"서울특별시 관악구 행운1라길 6 (봉천동, 영빌)",126.956524896205,37.4831332202753
,서울특별시 관악구 행운1마길 16 (봉천동),126.955504276555,37.4834963972908
,서울특별시 관악구 행운1바길 22 (봉천동),126.956646859992,37.483385096999
,서울특별시 관악구 행운2길 58 (봉천동),126.961947351675,37.4784312834532
,"서울특별시 관악구 행운2길 58 (봉천동, 현준)",126.961947351675,37.4784312834532
,서울특별시 관악구 행운4길 22 (봉천동),126.960383273237,37.4795900980232
,서울특별시 관악구 행운4길 62 (봉천동),126.962454555468,37.4788240154819
,서울특별시 관악구 행운5길 23-5 (봉천동),126.958898704994,37.481640557782
,"서울특별시 관악구 행운5길 32-10 (봉천동, 비쥬타운2차)",126.959079051762,37.482446032157
,서울특별시 관악구 행운5길 32-5 (봉천동),126.958807460768,37.4824702650178
,서울특별시 관악구 행운5길 8-9 (봉천동),126.959886176086,37.4818742584566
,서울특별시 관악구 행운6길 14 (봉천동),126.960572663501,37.4808494116829
,서울특별시 관악구 행운6길 16-10 (봉천동),126.960322291681,37.4805264062363
,서울특별시 관악구 행운6길 2 (봉천동),126.960103751046,37.4811552369259
,"서울특별시 관악구 행운6길 7-6 (봉천동, 덕산디오빌)",126.960729163896,37.4812350055405
,"서울특별시 관악구 행운9길 33 (봉천동, 다복빌리지)",126.959587643764,37.4832226964994
,"서울특별시 관악구 행운9길 7 (봉천동, 대영아트빌)",126.96079410104,37.4824568852023
,서울특별시 관악구 행운길 23-5 (봉천동),126.95906662164,37.480153680945
,"서울특별시 관악구 호암로 399 (신림동, 삼성산주공아파트)",126.925454992929,37.4613714617228
,"서울특별시 관악구 호암로 417 (신림동, 국제산장아파트)",126.927479872415,37.4613351494786
,"서울특별시 관악구 호암로 524-12 (신림동, 예지팰리스)",126.9319930514,37.4646346343962
,"서울특별시 관악구 호암로 527 (신림동, 동마아파트)",126.93089430703,37.4645459681569
,서울특별시 관악구 호암로 592 (신림동),126.933362938903,37.4699830049889
,"서울특별시 관악구 호암로16길 5 (신림동, 신림서초아파트)",126.932244657487,37.4640224515692
,"서울특별시 관악구 호암로18가길 28 (신림동, 삼우빌라)",126.932191390446,37.4643030860792
,서울특별시 관악구 호암로18다길 24 (신림동),126.933531118001,37.4645278386746
,서울특별시 관악구 호암로22가길 9 (신림동),126.933514952096,37.468486872297
,서울특별시 관악구 호암로24가길 77 (신림동),126.933890118861,37.4665840575947
,서울특별시 관악구 호암로26길 48 (신림동),126.936223952736,37.4702797548184
