"자치구별(1)",자치구별(2),2011,2011,2011,2012,2012,2012,2013,2013,2013,2014,2014,2014,2015,2015,2015,2016,2016,2016,2017,2017,2017,2018,2018,2018,2019,2019,2019,2020,2020,2020,2021,2021,2021,2022,2022,2022
"자치구별(1)",자치구별(2),인구 (명),119안전센터 (개소),119안전센터 1개소당 담당인구 (명),인구 (명),119안전센터 (개소),119안전센터 1개소당 담당인구 (명),인구 (명),119안전센터 (개소),119안전센터 1개소당 담당인구 (명),인구 (명),119안전센터 (개소),119안전센터 1개소당 담당인구 (명),인구 (명),119안전센터 (개소),119안전센터 1개소당 담당인구 (명),인구 (명),119안전센터 (개소),119안전센터 1개소당 담당인구 (명),인구 (명),119안전센터 (개소),119안전센터 1개소당 담당인구 (명),인구 (명),119안전센터 (개소),119안전센터 1개소당 담당인구 (명),인구 (명),119안전센터 (개소),119안전센터 1개소당 담당인구 (명),인구 (명),119안전센터 (개소),119안전센터 1개소당 담당인구 (명),인구 (명),119안전센터 (개소),119안전센터 1개소당 담당인구 (명),인구 (명),119안전센터 (개소),119안전센터 1개소당 담당인구 (명)
"합계",소계,10249679,114,89909,10195318,115,88655,10143645,115,88206,10103233,115,87854,10022181,116,86398,9930616,116,85609,9857426,116,84978,9765623,117,83467,9729107,118,82450,9668465,118,81936,9509458,119,79911,9428372,119,79230
"합계",종로구,168382,6,28064,165207,6,27535,160070,6,26678,156993,6,26166,154986,6,25831,152737,6,25456,154770,6,25795,153065,6,25511,151290,6,25215,149384,6,24897,144683,6,24114,141379,6,23563
"합계",중구,133193,5,26639,133360,5,26672,130465,5,26093,128065,5,25613,125733,5,25147,125249,5,25050,125709,5,25142,125725,5,25145,126171,5,25234,125240,5,25048,122499,5,24500,120437,5,24087
"합계",용산구,246501,5,49300,243232,5,48646,239740,5,47948,235951,5,47190,233342,5,46668,230241,5,46048,229161,5,45832,228999,5,45800,228670,5,45734,230040,5,46008,222953,5,44591,218650,5,43730
"합계",성동구,300711,4,75178,299604,4,74901,299337,4,74834,296086,4,74022,297003,4,74251,299259,4,74815,304808,4,76202,308221,4,77055,300889,4,75222,293556,4,73389,285990,4,71498,281000,4,70250
"합계",광진구,371936,3,123979,371313,3,123771,368927,3,122976,363354,3,121118,360369,3,120123,357215,3,119072,357703,3,119234,355559,3,118520,351350,3,117117,346682,3,115561,339996,3,113332,337416,3,112472
"합계",동대문구,365486,5,73097,363258,5,72652,364273,5,72855,363687,5,72737,360153,5,72031,355069,5,71014,350647,5,70129,348052,5,69610,346194,5,69239,342837,5,68567,337400,5,67480,336644,5,67329
"합계",중랑구,423706,4,105927,419295,4,104824,416798,4,104200,418836,4,104709,413909,4,103477,411005,4,102751,408226,4,102057,403209,4,100802,397015,4,99254,394702,4,98676,387350,4,96838,385318,4,96330
"합계",성북구,485171,4,121293,481857,4,120464,476589,4,119147,466706,4,116677,459275,4,114819,450355,4,112589,444055,4,111014,435868,4,108967,442650,4,110663,437153,4,109288,430528,4,107632,430397,4,107599
"합계",강북구,345054,3,115018,343157,4,85789,338707,4,84677,335025,4,83756,330873,4,82718,327195,4,81799,324479,4,81120,319164,4,79791,313954,4,78489,308055,4,77014,299182,4,74796,293660,4,73415
"합계",도봉구,365573,3,121858,362270,3,120757,358582,3,119527,353709,3,117903,351242,4,87811,348220,4,87055,344166,4,86042,339413,4,84853,333362,4,83341,325257,4,81314,317366,4,79342,311694,4,77924
"합계",노원구,603930,5,120786,597189,5,119438,590479,5,118096,582552,5,116510,574583,5,114917,567581,5,113516,554403,5,110881,543752,5,108750,532905,5,106581,523037,5,104607,510956,5,102191,503734,5,100747
"합계",은평구,493634,4,123409,501480,4,125370,503660,4,125915,498644,4,124661,497920,4,124480,491476,4,122869,486794,4,121699,483197,4,120799,480032,4,120008,479835,4,119959,473307,4,118327,466746,4,116687
"합계",서대문구,314852,4,78713,315113,4,78778,314110,4,78528,310376,4,77594,312141,4,78035,314194,4,78549,312800,4,78200,310313,4,77578,309397,4,77349,312173,4,78043,304819,4,76205,306337,4,76584
"합계",마포구,389493,6,64916,384644,6,64107,381856,6,63643,385439,6,64240,387643,6,64607,379892,6,63315,374915,6,62486,375077,6,62513,374035,6,62339,371890,6,61982,368905,6,61484,364638,6,60773
"합계",양천구,500210,5,100042,495911,5,99182,492528,5,98506,486221,5,97244,484532,5,96906,477739,5,95548,471154,5,94231,464185,5,92837,458165,5,91633,454251,5,90850,447302,5,89460,440881,5,88176
"합계",강서구,569072,5,113814,567431,5,113486,569070,5,113814,585160,5,117032,589074,5,117815,595485,5,119097,601691,5,120338,596949,5,119390,591796,6,98633,580185,6,96698,574315,6,95719,569166,6,94861
"합계",구로구,427468,6,71245,427520,6,71253,424964,6,70827,425831,6,70972,422092,6,70349,417551,6,69592,410742,6,68457,404497,6,67416,406664,6,67777,404408,6,67401,396754,6,66126,395315,6,65886
"합계",금천구,243438,2,121719,243288,2,121644,241020,2,120510,238463,2,119232,236284,2,118142,235386,2,117693,235154,2,117577,233917,2,116959,232810,2,116405,231733,2,115867,230811,2,115406,229642,2,114821
"합계",영등포구,397443,5,79489,391408,5,78282,386471,5,77294,382352,5,76470,378504,5,75701,370613,5,74123,368550,5,73710,367778,5,73556,367678,5,73536,379480,5,75896,376837,5,75367,375675,5,75135
"합계",동작구,401408,4,100352,405491,4,101373,410815,4,102704,407470,4,101868,400641,4,100160,400997,4,100249,396217,4,99054,396203,4,99051,395963,4,98991,391220,4,97805,385483,4,96371,380596,4,95149
"합계",관악구,526397,4,131599,523029,4,130757,518028,4,129507,513186,4,128297,509663,4,127416,506851,4,126713,503297,4,125824,501957,4,125489,500094,4,125024,495060,4,123765,485699,4,121425,486752,4,121688
"합계",서초구,433564,6,72261,435044,6,72507,441763,6,73627,449678,6,74946,446764,6,74461,447192,6,74532,441102,6,73517,433951,6,72325,430826,6,71804,425126,6,70854,412279,6,68713,404325,6,67388
"합계",강남구,565710,5,113142,564197,5,112839,563599,5,112720,578114,5,115623,576495,5,115299,567115,5,113423,556164,5,111233,542364,6,90394,545169,6,90862,539231,6,89872,533042,6,88840,529102,6,88184
"합계",송파구,682209,6,113702,673115,6,112186,668415,6,111403,664738,6,110790,660302,6,110050,657831,6,109639,664496,6,110749,666635,6,111106,675961,6,112660,667960,6,111327,658338,6,109723,658801,6,109800
"합계",강동구,495138,5,99028,487905,5,97581,483379,5,96676,476597,5,95319,458658,5,91732,444168,5,88834,436223,5,87245,427573,5,85515,436067,5,87213,459970,5,91994,462664,6,77111,460067,6,76678
