"������ȣ","����ID","���͸�",latitude,longitude
"21","1121101","��õ119��������","37.527161","126.8694519"
"22","1122101","�ų�119��������","37.6102463","127.0964731"
"42","1115104","����119��������","37.4877727","127.0171447"
"3","1106102","����119��������","37.5278414","126.9583175"
"4","1106104","�ľ�119��������","37.5448956","126.9812418"
"5","1103104","�ű�119��������","37.5803978","126.9645766"
"6","1103108","����119��������","37.5794792","126.9910088"
"7","1103102","������119��������","37.5819579","126.9767474"
"8","1103105","����119��������","37.5805686","126.9981782"
"9","1104401","����119��������","37.562532","127.0161236"
"10","1104105","������119��������","37.5654179","127.0000943"
"11","1104103","�湫��119��������","37.5626602","126.9846082"
"12","1104106","�Ŵ�119��������","37.5535742","127.0004385"
"13","1100106","ȸ��119��������","37.5604901","126.9735034"
"14","1106103","���¿�119��������","37.5357223","127.0019661"
"15","1106101","�Ѱ���119��������","37.5383933","126.9741056"
"16","1105104","���119��������","37.5626326","127.0394365"
"17","1118103","����119��������","37.5615464","127.1611931"
"19","1107105","�ְ�119��������","37.5939478","127.0653692"
"26","1107103","����119��������","37.575877","127.0556709"
"27","1119401","����119��������","37.4941679","126.8619411"
"28","1119102","����119��������","37.4910188","126.8318079"
"29","1107102","û����119��������","37.5915968","127.0509504"
"30","1109101","����119��������","37.5960187","127.0356398"
"31","1121105","��Ʈ��119��������","37.5134744","126.8515772"
"32","1116401","����119��������","37.4598087","126.9554258"
"33","1119105","����119��������","37.4663645","126.8975665"
"34","1109102","����119��������","37.5908712","127.0008697"
"35","1120401","��õ119��������","37.4891719","127.1320185"
"36","1102103","��119��������","37.4999956","126.9399032"
"37","1102101","����119��������","37.5002519","126.9192213"
"38","1113105","����119��������","37.5498957","126.9555567"
"39","1113104","����119��������","37.5546142","126.9104746"
"40","1113103","����119��������","37.5453942","126.9460147"
"41","1117105","��ȭ119��������","37.5704357","126.7947963"
"43","1115103","����119��������","37.456873","127.0623586"
"44","1117103","��ȭ119��������","37.5760761","126.8320142"
"45","1109104","����119��������","37.6122072","127.0545794"
"46","1109103","����119��������","37.6167753","127.0025314"
"47","1108103","���119��������","37.5375407","126.8945099"
"48","1108101","������119��������","37.5178444","126.8978281"
"54","1120105","���տ��119��������","37.513567","127.0838102"
"62","1114104","����119��������","37.4951124","127.0404704"
"73","1113107","���119��������","37.5715458","126.8778766"
"81","1117102","ȭ��119��������","37.5376924","126.8500445"
"87","1115401","����119��������","37.502498","126.9959341"
"94","1110102","����119��������","37.6603019","127.0434774"
"1","1121102","����119��������","37.5206982","126.8510351"
"2","1115105","���119��������","37.50765","127.0137281"
"18","1110108","�ֹ�119��������","37.6576524","127.0244435"
"20","1107104","���119��������","37.5805914","127.0342271"
"49","1120104","���119��������","37.5141125","127.0995051"
"25","1112108","����119��������","37.6328379","126.934085"
"50","1119107","�ŵ���119��������","37.5066233","126.8798866"
"51","1119103","��ô119��������","37.5041898","126.8499207"
"52","1123103","ȫ��119��������","37.5931834","126.9409333"
"53","1123102","�ϰ���119��������","37.5775163","126.9145643"
"55","1123101","����119��������","37.5696345","126.9343459"
"56","1120102","�ſ�119��������","37.4918331","127.1489076"
"57","1114106","����119��������","37.4804298","127.0610333"
"58","1116103","�Ÿ�119��������","37.4823082","126.9263575"
"59","1116102","��õ119��������","37.4851768","126.9473275"
"60","1122103","����119��������","37.5961145","127.1009235"
"61","1122104","��ȭ119��������","37.6041951","127.082669"
"63","1114105","����119��������","37.4793209","127.0978613"
"64","1125103","�̾�119��������","37.6219824","127.0290876"
"65","1121104","�ſ�119��������","37.5280348","126.8310563"
"66","1122102","���119��������","37.5813361","127.0866458"
"23","1102104","���119��������","37.4920607","126.9639926"
"24","1116104","����119��������","37.4720612","126.9129356"
"70","1110103","â��119��������","37.6416857","127.0434091"
"71","1118101","����119��������","37.5289606","127.1393553"
"72","1111101","�ϰ�119��������","37.6432704","127.0742534"
"86","1125104","�ﰢ��119��������","37.6235169","127.0101978"
"74","1121103","��119��������","37.5409898","126.8764006"
"75","1112107","����119��������","37.5898743","126.8990108"
"76","1115102","���119��������","37.4741778","126.9959097"
"77","1105106","����119��������","37.5360825","127.0541224"
"78","1105107","�߰�119��������","37.5603795","127.0886852"
"79","1111106","����119��������","37.6304747","127.0884816"
"80","1105102","����119��������","37.5521191","127.0549862"
"82","1111102","���119��������","37.6674685","127.0784751"
"83","1113106","����119��������","37.5659134","126.9039248"
"84","1113102","�ż�119��������","37.5479432","126.931798"
"85","1125102","����119��������","37.6571816","127.0023878"
"67","1115106","���119��������","37.4696823","127.0212006"
"68","1120103","����119��������","37.5240053","127.1210392"
"69","1120106","����119��������","37.4923649","127.1122009"
"101","1118102","õȣ119��������","37.5431858","127.1265222"
"102","1125101","����119��������","37.6311558","127.0333938"
"103","1111104","����119��������","37.6295908","127.0562532"
"104","1110106","����119��������","37.6817245","127.0300077"
"105","1112106","����119��������","37.6118192","126.9115437"
"88","1119108","����119��������","37.4781249","126.8874982"
"89","1119106","����119��������","37.4496793","126.9106948"
"90","1106105","������119��������","37.5181414","126.9801461"
"91","1107101","���119��������","37.5711119","127.0674147"
"114","1102102","�뷮��119��������","37.5028266","126.9589021"
"92","1103109","����119��������","37.5759887","127.0131913"
"93","1103106","�ſ�119��������","37.60868","126.9678901"
"95","1105401","����119��������","37.5407621","127.0938631"
"96","1117104","�߻�119��������","37.5460841","126.8296984"
"97","1117401","����119��������","37.5519877","126.8595352"
"98","1112105","���119��������","37.5968284","126.9305243"
"99","1108104","�븲119��������","37.4970585","126.9065857"
"100","1108105","�ű�119��������","37.5095773","126.9184531"
"110","1108102","���ǵ�119��������","37.5284362","126.9273741"
"111","1118104","�ϻ�119��������","37.5577912","127.1295"
"112","1118105","�浿119��������","37.5397058","127.1470066"
"113","1118105","�浿119��������","37.5508012","127.1698689"
"115","1123104","�̱�119��������","37.5678735","126.9587899"
"116","1105103","�ɵ�119��������","37.5490452","127.0767548"
"117","1105105","��ȣ119��������","37.545841","127.0245305"
"106","1114401","�Ｚ119��������","37.5107654","127.056252"
"107","1114103","����119��������","37.5201614","127.027564"
"108","1111105","����119��������","37.6753755","127.0668456"
"109","1119104","����119��������","37.4969879","126.8873199"